0
SECTION
2
HEADER
9
$ACADVER
1
AC1009
9
$LTSCALE
40
0.25
9
$FILLMODE
70
1
9
$LUPREC
70
2
9
$DIMSTYLE
2
STANDARD
0
ENDSEC
0
SECTION
2
TABLES
0
TABLE
2
LTYPE
70
5
0
LTYPE
2
CONTINUOUS
70
0
3
Solid line
72
65
73
0
40
0
0
LTYPE
2
DASHED
70
0
3
Dashed __ __
72
65
73
2
40
0.75
49
0.5
49
-0.25
0
LTYPE
2
CENTER
70
0
3
Center ____ _ ____
72
65
73
4
40
2.0
49
1.25
49
-0.25
49
0.25
49
-0.25
0
LTYPE
2
HIDDEN
70
0
3
Hidden _ _ _
72
65
73
2
40
0.375
49
0.25
49
-0.125
0
LTYPE
2
PHANTOM
70
0
3
Phantom ___ _ _ ___
72
65
73
6
40
2.5
49
1.25
49
-0.25
49
0.25
49
-0.25
49
0.25
49
-0.25
0
ENDTAB
0
TABLE
2
LAYER
70
12
0
LAYER
2
3D-COLECTOR-LOSA-SUPERIOR
70
0
62
254
6
CONTINUOUS
0
LAYER
2
3D-COLECTOR-MUROS
70
0
62
252
6
CONTINUOUS
0
LAYER
2
3D-COLECTOR-LOSA-FONDO
70
0
62
253
6
CONTINUOUS
0
LAYER
2
3D-COLECTOR-INTERIOR
70
0
62
9
6
CONTINUOUS
0
LAYER
2
3D-REGISTROS-TAPAS
70
0
62
30
6
CONTINUOUS
0
LAYER
2
3D-CUNETAS
70
0
62
3
6
CONTINUOUS
0
LAYER
2
3D-AGUA
70
0
62
140
6
CONTINUOUS
0
LAYER
2
3D-CAJA-SALIDA
70
0
62
252
6
CONTINUOUS
0
LAYER
2
3D-EMBOQUILLADO
70
0
62
34
6
CONTINUOUS
0
LAYER
2
3D-TERRENO
70
0
62
8
6
CONTINUOUS
0
LAYER
2
3D-LINDERO
70
0
62
6
6
CONTINUOUS
0
LAYER
2
0
70
0
62
7
6
CONTINUOUS
0
ENDTAB
0
TABLE
2
STYLE
70
2
0
STYLE
2
STANDARD
70
0
40
0
41
0.85
50
0
71
0
42
0.2
3
romans.shx
4

0
STYLE
2
TITULOS
70
0
40
0
41
0.9
50
0
71
0
42
0.2
3
romand.shx
4

0
ENDTAB
0
TABLE
2
DIMSTYLE
70
0
0
ENDTAB
0
ENDSEC
0
SECTION
2
BLOCKS
0
ENDSEC
0
SECTION
2
ENTITIES
0
3DFACE
8
3D-COLECTOR-LOSA-SUPERIOR
10
-426.9106
20
13.7512
30
259.2500
11
-427.9105
21
13.7366
31
259.2500
12
-427.9353
22
15.4364
32
259.2500
13
-426.9354
23
15.4510
33
259.2500
0
3DFACE
8
3D-COLECTOR-MUROS
10
-426.9106
20
13.7512
30
258.5700
11
-427.9105
21
13.7366
31
258.5670
12
-427.9105
22
13.7366
32
259.2500
13
-426.9106
23
13.7512
33
259.2500
0
3DFACE
8
3D-COLECTOR-MUROS
10
-426.9354
20
15.4510
30
258.5700
11
-427.9353
21
15.4364
31
258.5670
12
-427.9353
22
15.4364
32
259.2500
13
-426.9354
23
15.4510
33
259.2500
0
3DFACE
8
3D-COLECTOR-LOSA-FONDO
10
-426.9106
20
13.7512
30
258.5700
11
-427.9105
21
13.7366
31
258.5670
12
-427.9353
22
15.4364
32
258.5670
13
-426.9354
23
15.4510
33
258.5700
0
3DFACE
8
3D-COLECTOR-INTERIOR
10
-426.9120
20
13.8512
30
258.7200
11
-427.9119
21
13.8366
31
258.7170
12
-427.9338
22
15.3364
32
258.7170
13
-426.9340
23
15.3510
33
258.7200
0
3DFACE
8
3D-COLECTOR-INTERIOR
10
-426.9120
20
13.8512
30
258.7200
11
-427.9119
21
13.8366
31
258.7170
12
-427.9119
22
13.8366
32
259.1500
13
-426.9120
23
13.8512
33
259.1500
0
3DFACE
8
3D-COLECTOR-INTERIOR
10
-426.9340
20
15.3510
30
258.7200
11
-427.9338
21
15.3364
31
258.7170
12
-427.9338
22
15.3364
32
259.1500
13
-426.9340
23
15.3510
33
259.1500
0
3DFACE
8
3D-COLECTOR-INTERIOR
10
-426.9120
20
13.8512
30
259.1500
11
-427.9119
21
13.8366
31
259.1500
12
-427.9338
22
15.3364
32
259.1500
13
-426.9340
23
15.3510
33
259.1500
0
3DFACE
8
3D-AGUA
10
-426.9120
20
13.8512
30
259.0622
11
-427.9119
21
13.8366
31
259.0604
12
-427.9338
22
15.3364
32
259.0604
13
-426.9340
23
15.3510
33
259.0622
0
3DFACE
8
3D-COLECTOR-LOSA-SUPERIOR
10
-427.9105
20
13.7366
30
259.2500
11
-428.9104
21
13.7220
31
259.2500
12
-428.9352
22
15.4218
32
259.2500
13
-427.9353
23
15.4364
33
259.2500
0
3DFACE
8
3D-COLECTOR-MUROS
10
-427.9105
20
13.7366
30
258.5670
11
-428.9104
21
13.7220
31
258.5640
12
-428.9104
22
13.7220
32
259.2500
13
-427.9105
23
13.7366
33
259.2500
0
3DFACE
8
3D-COLECTOR-MUROS
10
-427.9353
20
15.4364
30
258.5670
11
-428.9352
21
15.4218
31
258.5640
12
-428.9352
22
15.4218
32
259.2500
13
-427.9353
23
15.4364
33
259.2500
0
3DFACE
8
3D-COLECTOR-LOSA-FONDO
10
-427.9105
20
13.7366
30
258.5670
11
-428.9104
21
13.7220
31
258.5640
12
-428.9352
22
15.4218
32
258.5640
13
-427.9353
23
15.4364
33
258.5670
0
3DFACE
8
3D-COLECTOR-INTERIOR
10
-427.9119
20
13.8366
30
258.7170
11
-428.9118
21
13.8219
31
258.7140
12
-428.9337
22
15.3218
32
258.7140
13
-427.9338
23
15.3364
33
258.7170
0
3DFACE
8
3D-COLECTOR-INTERIOR
10
-427.9119
20
13.8366
30
258.7170
11
-428.9118
21
13.8219
31
258.7140
12
-428.9118
22
13.8219
32
259.1500
13
-427.9119
23
13.8366
33
259.1500
0
3DFACE
8
3D-COLECTOR-INTERIOR
10
-427.9338
20
15.3364
30
258.7170
11
-428.9337
21
15.3218
31
258.7140
12
-428.9337
22
15.3218
32
259.1500
13
-427.9338
23
15.3364
33
259.1500
0
3DFACE
8
3D-COLECTOR-INTERIOR
10
-427.9119
20
13.8366
30
259.1500
11
-428.9118
21
13.8219
31
259.1500
12
-428.9337
22
15.3218
32
259.1500
13
-427.9338
23
15.3364
33
259.1500
0
3DFACE
8
3D-AGUA
10
-427.9119
20
13.8366
30
259.0604
11
-428.9118
21
13.8219
31
259.0587
12
-428.9337
22
15.3218
32
259.0587
13
-427.9338
23
15.3364
33
259.0604
0
3DFACE
8
3D-COLECTOR-LOSA-SUPERIOR
10
-428.9104
20
13.7220
30
259.2500
11
-429.9103
21
13.7074
31
259.2500
12
-429.9351
22
15.4072
32
259.2500
13
-428.9352
23
15.4218
33
259.2500
0
3DFACE
8
3D-COLECTOR-MUROS
10
-428.9104
20
13.7220
30
258.5640
11
-429.9103
21
13.7074
31
258.5609
12
-429.9103
22
13.7074
32
259.2500
13
-428.9104
23
13.7220
33
259.2500
0
3DFACE
8
3D-COLECTOR-MUROS
10
-428.9352
20
15.4218
30
258.5640
11
-429.9351
21
15.4072
31
258.5609
12
-429.9351
22
15.4072
32
259.2500
13
-428.9352
23
15.4218
33
259.2500
0
3DFACE
8
3D-COLECTOR-LOSA-FONDO
10
-428.9104
20
13.7220
30
258.5640
11
-429.9103
21
13.7074
31
258.5609
12
-429.9351
22
15.4072
32
258.5609
13
-428.9352
23
15.4218
33
258.5640
0
3DFACE
8
3D-COLECTOR-INTERIOR
10
-428.9118
20
13.8219
30
258.7140
11
-429.9117
21
13.8073
31
258.7109
12
-429.9336
22
15.3072
32
258.7109
13
-428.9337
23
15.3218
33
258.7140
0
3DFACE
8
3D-COLECTOR-INTERIOR
10
-428.9118
20
13.8219
30
258.7140
11
-429.9117
21
13.8073
31
258.7109
12
-429.9117
22
13.8073
32
259.1500
13
-428.9118
23
13.8219
33
259.1500
0
3DFACE
8
3D-COLECTOR-INTERIOR
10
-428.9337
20
15.3218
30
258.7140
11
-429.9336
21
15.3072
31
258.7109
12
-429.9336
22
15.3072
32
259.1500
13
-428.9337
23
15.3218
33
259.1500
0
3DFACE
8
3D-COLECTOR-INTERIOR
10
-428.9118
20
13.8219
30
259.1500
11
-429.9117
21
13.8073
31
259.1500
12
-429.9336
22
15.3072
32
259.1500
13
-428.9337
23
15.3218
33
259.1500
0
3DFACE
8
3D-AGUA
10
-428.9118
20
13.8219
30
259.0587
11
-429.9117
21
13.8073
31
259.0570
12
-429.9336
22
15.3072
32
259.0570
13
-428.9337
23
15.3218
33
259.0587
0
3DFACE
8
3D-COLECTOR-LOSA-SUPERIOR
10
-429.9103
20
13.7074
30
259.2500
11
-430.9102
21
13.6927
31
259.2500
12
-430.9350
22
15.3926
32
259.2500
13
-429.9351
23
15.4072
33
259.2500
0
3DFACE
8
3D-COLECTOR-MUROS
10
-429.9103
20
13.7074
30
258.5609
11
-430.9102
21
13.6927
31
258.5579
12
-430.9102
22
13.6927
32
259.2500
13
-429.9103
23
13.7074
33
259.2500
0
3DFACE
8
3D-COLECTOR-MUROS
10
-429.9351
20
15.4072
30
258.5609
11
-430.9350
21
15.3926
31
258.5579
12
-430.9350
22
15.3926
32
259.2500
13
-429.9351
23
15.4072
33
259.2500
0
3DFACE
8
3D-COLECTOR-LOSA-FONDO
10
-429.9103
20
13.7074
30
258.5609
11
-430.9102
21
13.6927
31
258.5579
12
-430.9350
22
15.3926
32
258.5579
13
-429.9351
23
15.4072
33
258.5609
0
3DFACE
8
3D-COLECTOR-INTERIOR
10
-429.9117
20
13.8073
30
258.7109
11
-430.9116
21
13.7927
31
258.7079
12
-430.9335
22
15.2926
32
258.7079
13
-429.9336
23
15.3072
33
258.7109
0
3DFACE
8
3D-COLECTOR-INTERIOR
10
-429.9117
20
13.8073
30
258.7109
11
-430.9116
21
13.7927
31
258.7079
12
-430.9116
22
13.7927
32
259.1500
13
-429.9117
23
13.8073
33
259.1500
0
3DFACE
8
3D-COLECTOR-INTERIOR
10
-429.9336
20
15.3072
30
258.7109
11
-430.9335
21
15.2926
31
258.7079
12
-430.9335
22
15.2926
32
259.1500
13
-429.9336
23
15.3072
33
259.1500
0
3DFACE
8
3D-COLECTOR-INTERIOR
10
-429.9117
20
13.8073
30
259.1500
11
-430.9116
21
13.7927
31
259.1500
12
-430.9335
22
15.2926
32
259.1500
13
-429.9336
23
15.3072
33
259.1500
0
3DFACE
8
3D-AGUA
10
-429.9117
20
13.8073
30
259.0570
11
-430.9116
21
13.7927
31
259.0554
12
-430.9335
22
15.2926
32
259.0554
13
-429.9336
23
15.3072
33
259.0570
0
3DFACE
8
3D-COLECTOR-LOSA-SUPERIOR
10
-430.9102
20
13.6927
30
259.2500
11
-431.9100
21
13.6781
31
259.2500
12
-431.9349
22
15.3780
32
259.2500
13
-430.9350
23
15.3926
33
259.2500
0
3DFACE
8
3D-COLECTOR-MUROS
10
-430.9102
20
13.6927
30
258.5579
11
-431.9100
21
13.6781
31
258.5549
12
-431.9100
22
13.6781
32
259.2500
13
-430.9102
23
13.6927
33
259.2500
0
3DFACE
8
3D-COLECTOR-MUROS
10
-430.9350
20
15.3926
30
258.5579
11
-431.9349
21
15.3780
31
258.5549
12
-431.9349
22
15.3780
32
259.2500
13
-430.9350
23
15.3926
33
259.2500
0
3DFACE
8
3D-COLECTOR-LOSA-FONDO
10
-430.9102
20
13.6927
30
258.5579
11
-431.9100
21
13.6781
31
258.5549
12
-431.9349
22
15.3780
32
258.5549
13
-430.9350
23
15.3926
33
258.5579
0
3DFACE
8
3D-COLECTOR-INTERIOR
10
-430.9116
20
13.7927
30
258.7079
11
-431.9115
21
13.7781
31
258.7049
12
-431.9334
22
15.2780
32
258.7049
13
-430.9335
23
15.2926
33
258.7079
0
3DFACE
8
3D-COLECTOR-INTERIOR
10
-430.9116
20
13.7927
30
258.7079
11
-431.9115
21
13.7781
31
258.7049
12
-431.9115
22
13.7781
32
259.1500
13
-430.9116
23
13.7927
33
259.1500
0
3DFACE
8
3D-COLECTOR-INTERIOR
10
-430.9335
20
15.2926
30
258.7079
11
-431.9334
21
15.2780
31
258.7049
12
-431.9334
22
15.2780
32
259.1500
13
-430.9335
23
15.2926
33
259.1500
0
3DFACE
8
3D-COLECTOR-INTERIOR
10
-430.9116
20
13.7927
30
259.1500
11
-431.9115
21
13.7781
31
259.1500
12
-431.9334
22
15.2780
32
259.1500
13
-430.9335
23
15.2926
33
259.1500
0
3DFACE
8
3D-AGUA
10
-430.9116
20
13.7927
30
259.0554
11
-431.9115
21
13.7781
31
259.0538
12
-431.9334
22
15.2780
32
259.0538
13
-430.9335
23
15.2926
33
259.0554
0
3DFACE
8
3D-COLECTOR-LOSA-SUPERIOR
10
-431.9100
20
13.6781
30
259.2500
11
-432.9099
21
13.6635
31
259.2500
12
-432.9348
22
15.3633
32
259.2500
13
-431.9349
23
15.3780
33
259.2500
0
3DFACE
8
3D-COLECTOR-MUROS
10
-431.9100
20
13.6781
30
258.5549
11
-432.9099
21
13.6635
31
258.5519
12
-432.9099
22
13.6635
32
259.2500
13
-431.9100
23
13.6781
33
259.2500
0
3DFACE
8
3D-COLECTOR-MUROS
10
-431.9349
20
15.3780
30
258.5549
11
-432.9348
21
15.3633
31
258.5519
12
-432.9348
22
15.3633
32
259.2500
13
-431.9349
23
15.3780
33
259.2500
0
3DFACE
8
3D-COLECTOR-LOSA-FONDO
10
-431.9100
20
13.6781
30
258.5549
11
-432.9099
21
13.6635
31
258.5519
12
-432.9348
22
15.3633
32
258.5519
13
-431.9349
23
15.3780
33
258.5549
0
3DFACE
8
3D-COLECTOR-INTERIOR
10
-431.9115
20
13.7781
30
258.7049
11
-432.9114
21
13.7635
31
258.7019
12
-432.9333
22
15.2634
32
258.7019
13
-431.9334
23
15.2780
33
258.7049
0
3DFACE
8
3D-COLECTOR-INTERIOR
10
-431.9115
20
13.7781
30
258.7049
11
-432.9114
21
13.7635
31
258.7019
12
-432.9114
22
13.7635
32
259.1500
13
-431.9115
23
13.7781
33
259.1500
0
3DFACE
8
3D-COLECTOR-INTERIOR
10
-431.9334
20
15.2780
30
258.7049
11
-432.9333
21
15.2634
31
258.7019
12
-432.9333
22
15.2634
32
259.1500
13
-431.9334
23
15.2780
33
259.1500
0
3DFACE
8
3D-COLECTOR-INTERIOR
10
-431.9115
20
13.7781
30
259.1500
11
-432.9114
21
13.7635
31
259.1500
12
-432.9333
22
15.2634
32
259.1500
13
-431.9334
23
15.2780
33
259.1500
0
3DFACE
8
3D-AGUA
10
-431.9115
20
13.7781
30
259.0538
11
-432.9114
21
13.7635
31
259.0522
12
-432.9333
22
15.2634
32
259.0522
13
-431.9334
23
15.2780
33
259.0538
0
3DFACE
8
3D-COLECTOR-LOSA-SUPERIOR
10
-432.9099
20
13.6635
30
259.2500
11
-433.9098
21
13.6489
31
259.2500
12
-433.9347
22
15.3487
32
259.2500
13
-432.9348
23
15.3633
33
259.2500
0
3DFACE
8
3D-COLECTOR-MUROS
10
-432.9099
20
13.6635
30
258.5519
11
-433.9098
21
13.6489
31
258.5489
12
-433.9098
22
13.6489
32
259.2500
13
-432.9099
23
13.6635
33
259.2500
0
3DFACE
8
3D-COLECTOR-MUROS
10
-432.9348
20
15.3633
30
258.5519
11
-433.9347
21
15.3487
31
258.5489
12
-433.9347
22
15.3487
32
259.2500
13
-432.9348
23
15.3633
33
259.2500
0
3DFACE
8
3D-COLECTOR-LOSA-FONDO
10
-432.9099
20
13.6635
30
258.5519
11
-433.9098
21
13.6489
31
258.5489
12
-433.9347
22
15.3487
32
258.5489
13
-432.9348
23
15.3633
33
258.5519
0
3DFACE
8
3D-COLECTOR-INTERIOR
10
-432.9114
20
13.7635
30
258.7019
11
-433.9113
21
13.7489
31
258.6989
12
-433.9332
22
15.2487
32
258.6989
13
-432.9333
23
15.2634
33
258.7019
0
3DFACE
8
3D-COLECTOR-INTERIOR
10
-432.9114
20
13.7635
30
258.7019
11
-433.9113
21
13.7489
31
258.6989
12
-433.9113
22
13.7489
32
259.1500
13
-432.9114
23
13.7635
33
259.1500
0
3DFACE
8
3D-COLECTOR-INTERIOR
10
-432.9333
20
15.2634
30
258.7019
11
-433.9332
21
15.2487
31
258.6989
12
-433.9332
22
15.2487
32
259.1500
13
-432.9333
23
15.2634
33
259.1500
0
3DFACE
8
3D-COLECTOR-INTERIOR
10
-432.9114
20
13.7635
30
259.1500
11
-433.9113
21
13.7489
31
259.1500
12
-433.9332
22
15.2487
32
259.1500
13
-432.9333
23
15.2634
33
259.1500
0
3DFACE
8
3D-AGUA
10
-432.9114
20
13.7635
30
259.0522
11
-433.9113
21
13.7489
31
259.0507
12
-433.9332
22
15.2487
32
259.0507
13
-432.9333
23
15.2634
33
259.0522
0
3DFACE
8
3D-COLECTOR-LOSA-SUPERIOR
10
-433.9098
20
13.6489
30
259.2500
11
-434.9097
21
13.6343
31
259.2500
12
-434.9346
22
15.3341
32
259.2500
13
-433.9347
23
15.3487
33
259.2500
0
3DFACE
8
3D-COLECTOR-MUROS
10
-433.9098
20
13.6489
30
258.5489
11
-434.9097
21
13.6343
31
258.5458
12
-434.9097
22
13.6343
32
259.2500
13
-433.9098
23
13.6489
33
259.2500
0
3DFACE
8
3D-COLECTOR-MUROS
10
-433.9347
20
15.3487
30
258.5489
11
-434.9346
21
15.3341
31
258.5458
12
-434.9346
22
15.3341
32
259.2500
13
-433.9347
23
15.3487
33
259.2500
0
3DFACE
8
3D-COLECTOR-LOSA-FONDO
10
-433.9098
20
13.6489
30
258.5489
11
-434.9097
21
13.6343
31
258.5458
12
-434.9346
22
15.3341
32
258.5458
13
-433.9347
23
15.3487
33
258.5489
0
3DFACE
8
3D-COLECTOR-INTERIOR
10
-433.9113
20
13.7489
30
258.6989
11
-434.9112
21
13.7343
31
258.6958
12
-434.9331
22
15.2341
32
258.6958
13
-433.9332
23
15.2487
33
258.6989
0
3DFACE
8
3D-COLECTOR-INTERIOR
10
-433.9113
20
13.7489
30
258.6989
11
-434.9112
21
13.7343
31
258.6958
12
-434.9112
22
13.7343
32
259.1500
13
-433.9113
23
13.7489
33
259.1500
0
3DFACE
8
3D-COLECTOR-INTERIOR
10
-433.9332
20
15.2487
30
258.6989
11
-434.9331
21
15.2341
31
258.6958
12
-434.9331
22
15.2341
32
259.1500
13
-433.9332
23
15.2487
33
259.1500
0
3DFACE
8
3D-COLECTOR-INTERIOR
10
-433.9113
20
13.7489
30
259.1500
11
-434.9112
21
13.7343
31
259.1500
12
-434.9331
22
15.2341
32
259.1500
13
-433.9332
23
15.2487
33
259.1500
0
3DFACE
8
3D-AGUA
10
-433.9113
20
13.7489
30
259.0507
11
-434.9112
21
13.7343
31
259.0492
12
-434.9331
22
15.2341
32
259.0492
13
-433.9332
23
15.2487
33
259.0507
0
3DFACE
8
3D-COLECTOR-LOSA-SUPERIOR
10
-434.9097
20
13.6343
30
259.2500
11
-435.9096
21
13.6197
31
259.2500
12
-435.9345
22
15.3195
32
259.2500
13
-434.9346
23
15.3341
33
259.2500
0
3DFACE
8
3D-COLECTOR-MUROS
10
-434.9097
20
13.6343
30
258.5458
11
-435.9096
21
13.6197
31
258.5428
12
-435.9096
22
13.6197
32
259.2500
13
-434.9097
23
13.6343
33
259.2500
0
3DFACE
8
3D-COLECTOR-MUROS
10
-434.9346
20
15.3341
30
258.5458
11
-435.9345
21
15.3195
31
258.5428
12
-435.9345
22
15.3195
32
259.2500
13
-434.9346
23
15.3341
33
259.2500
0
3DFACE
8
3D-COLECTOR-LOSA-FONDO
10
-434.9097
20
13.6343
30
258.5458
11
-435.9096
21
13.6197
31
258.5428
12
-435.9345
22
15.3195
32
258.5428
13
-434.9346
23
15.3341
33
258.5458
0
3DFACE
8
3D-COLECTOR-INTERIOR
10
-434.9112
20
13.7343
30
258.6958
11
-435.9111
21
13.7197
31
258.6928
12
-435.9330
22
15.2195
32
258.6928
13
-434.9331
23
15.2341
33
258.6958
0
3DFACE
8
3D-COLECTOR-INTERIOR
10
-434.9112
20
13.7343
30
258.6958
11
-435.9111
21
13.7197
31
258.6928
12
-435.9111
22
13.7197
32
259.1500
13
-434.9112
23
13.7343
33
259.1500
0
3DFACE
8
3D-COLECTOR-INTERIOR
10
-434.9331
20
15.2341
30
258.6958
11
-435.9330
21
15.2195
31
258.6928
12
-435.9330
22
15.2195
32
259.1500
13
-434.9331
23
15.2341
33
259.1500
0
3DFACE
8
3D-COLECTOR-INTERIOR
10
-434.9112
20
13.7343
30
259.1500
11
-435.9111
21
13.7197
31
259.1500
12
-435.9330
22
15.2195
32
259.1500
13
-434.9331
23
15.2341
33
259.1500
0
3DFACE
8
3D-AGUA
10
-434.9112
20
13.7343
30
259.0492
11
-435.9111
21
13.7197
31
259.0478
12
-435.9330
22
15.2195
32
259.0478
13
-434.9331
23
15.2341
33
259.0492
0
3DFACE
8
3D-COLECTOR-LOSA-SUPERIOR
10
-435.9096
20
13.6197
30
259.2500
11
-436.9095
21
13.6051
31
259.2500
12
-436.9343
22
15.3049
32
259.2500
13
-435.9345
23
15.3195
33
259.2500
0
3DFACE
8
3D-COLECTOR-MUROS
10
-435.9096
20
13.6197
30
258.5428
11
-436.9095
21
13.6051
31
258.5398
12
-436.9095
22
13.6051
32
259.2500
13
-435.9096
23
13.6197
33
259.2500
0
3DFACE
8
3D-COLECTOR-MUROS
10
-435.9345
20
15.3195
30
258.5428
11
-436.9343
21
15.3049
31
258.5398
12
-436.9343
22
15.3049
32
259.2500
13
-435.9345
23
15.3195
33
259.2500
0
3DFACE
8
3D-COLECTOR-LOSA-FONDO
10
-435.9096
20
13.6197
30
258.5428
11
-436.9095
21
13.6051
31
258.5398
12
-436.9343
22
15.3049
32
258.5398
13
-435.9345
23
15.3195
33
258.5428
0
3DFACE
8
3D-COLECTOR-INTERIOR
10
-435.9111
20
13.7197
30
258.6928
11
-436.9110
21
13.7051
31
258.6898
12
-436.9329
22
15.2049
32
258.6898
13
-435.9330
23
15.2195
33
258.6928
0
3DFACE
8
3D-COLECTOR-INTERIOR
10
-435.9111
20
13.7197
30
258.6928
11
-436.9110
21
13.7051
31
258.6898
12
-436.9110
22
13.7051
32
259.1500
13
-435.9111
23
13.7197
33
259.1500
0
3DFACE
8
3D-COLECTOR-INTERIOR
10
-435.9330
20
15.2195
30
258.6928
11
-436.9329
21
15.2049
31
258.6898
12
-436.9329
22
15.2049
32
259.1500
13
-435.9330
23
15.2195
33
259.1500
0
3DFACE
8
3D-COLECTOR-INTERIOR
10
-435.9111
20
13.7197
30
259.1500
11
-436.9110
21
13.7051
31
259.1500
12
-436.9329
22
15.2049
32
259.1500
13
-435.9330
23
15.2195
33
259.1500
0
3DFACE
8
3D-AGUA
10
-435.9111
20
13.7197
30
259.0478
11
-436.9110
21
13.7051
31
259.0463
12
-436.9329
22
15.2049
32
259.0463
13
-435.9330
23
15.2195
33
259.0478
0
3DFACE
8
3D-COLECTOR-LOSA-SUPERIOR
10
-436.9095
20
13.6051
30
259.2500
11
-437.9094
21
13.5905
31
259.2500
12
-437.9342
22
15.2903
32
259.2500
13
-436.9343
23
15.3049
33
259.2500
0
3DFACE
8
3D-COLECTOR-MUROS
10
-436.9095
20
13.6051
30
258.5398
11
-437.9094
21
13.5905
31
258.5368
12
-437.9094
22
13.5905
32
259.2500
13
-436.9095
23
13.6051
33
259.2500
0
3DFACE
8
3D-COLECTOR-MUROS
10
-436.9343
20
15.3049
30
258.5398
11
-437.9342
21
15.2903
31
258.5368
12
-437.9342
22
15.2903
32
259.2500
13
-436.9343
23
15.3049
33
259.2500
0
3DFACE
8
3D-COLECTOR-LOSA-FONDO
10
-436.9095
20
13.6051
30
258.5398
11
-437.9094
21
13.5905
31
258.5368
12
-437.9342
22
15.2903
32
258.5368
13
-436.9343
23
15.3049
33
258.5398
0
3DFACE
8
3D-COLECTOR-INTERIOR
10
-436.9110
20
13.7051
30
258.6898
11
-437.9109
21
13.6905
31
258.6868
12
-437.9328
22
15.1903
32
258.6868
13
-436.9329
23
15.2049
33
258.6898
0
3DFACE
8
3D-COLECTOR-INTERIOR
10
-436.9110
20
13.7051
30
258.6898
11
-437.9109
21
13.6905
31
258.6868
12
-437.9109
22
13.6905
32
259.1500
13
-436.9110
23
13.7051
33
259.1500
0
3DFACE
8
3D-COLECTOR-INTERIOR
10
-436.9329
20
15.2049
30
258.6898
11
-437.9328
21
15.1903
31
258.6868
12
-437.9328
22
15.1903
32
259.1500
13
-436.9329
23
15.2049
33
259.1500
0
3DFACE
8
3D-COLECTOR-INTERIOR
10
-436.9110
20
13.7051
30
259.1500
11
-437.9109
21
13.6905
31
259.1500
12
-437.9328
22
15.1903
32
259.1500
13
-436.9329
23
15.2049
33
259.1500
0
3DFACE
8
3D-AGUA
10
-436.9110
20
13.7051
30
259.0463
11
-437.9109
21
13.6905
31
259.0449
12
-437.9328
22
15.1903
32
259.0449
13
-436.9329
23
15.2049
33
259.0463
0
3DFACE
8
3D-COLECTOR-LOSA-SUPERIOR
10
-437.9094
20
13.5905
30
259.2500
11
-438.9093
21
13.5759
31
259.2500
12
-438.9341
22
15.2757
32
259.2500
13
-437.9342
23
15.2903
33
259.2500
0
3DFACE
8
3D-COLECTOR-MUROS
10
-437.9094
20
13.5905
30
258.5368
11
-438.9093
21
13.5759
31
258.5338
12
-438.9093
22
13.5759
32
259.2500
13
-437.9094
23
13.5905
33
259.2500
0
3DFACE
8
3D-COLECTOR-MUROS
10
-437.9342
20
15.2903
30
258.5368
11
-438.9341
21
15.2757
31
258.5338
12
-438.9341
22
15.2757
32
259.2500
13
-437.9342
23
15.2903
33
259.2500
0
3DFACE
8
3D-COLECTOR-LOSA-FONDO
10
-437.9094
20
13.5905
30
258.5368
11
-438.9093
21
13.5759
31
258.5338
12
-438.9341
22
15.2757
32
258.5338
13
-437.9342
23
15.2903
33
258.5368
0
3DFACE
8
3D-COLECTOR-INTERIOR
10
-437.9109
20
13.6905
30
258.6868
11
-438.9108
21
13.6759
31
258.6838
12
-438.9327
22
15.1757
32
258.6838
13
-437.9328
23
15.1903
33
258.6868
0
3DFACE
8
3D-COLECTOR-INTERIOR
10
-437.9109
20
13.6905
30
258.6868
11
-438.9108
21
13.6759
31
258.6838
12
-438.9108
22
13.6759
32
259.1500
13
-437.9109
23
13.6905
33
259.1500
0
3DFACE
8
3D-COLECTOR-INTERIOR
10
-437.9328
20
15.1903
30
258.6868
11
-438.9327
21
15.1757
31
258.6838
12
-438.9327
22
15.1757
32
259.1500
13
-437.9328
23
15.1903
33
259.1500
0
3DFACE
8
3D-COLECTOR-INTERIOR
10
-437.9109
20
13.6905
30
259.1500
11
-438.9108
21
13.6759
31
259.1500
12
-438.9327
22
15.1757
32
259.1500
13
-437.9328
23
15.1903
33
259.1500
0
3DFACE
8
3D-AGUA
10
-437.9109
20
13.6905
30
259.0449
11
-438.9108
21
13.6759
31
259.0435
12
-438.9327
22
15.1757
32
259.0435
13
-437.9328
23
15.1903
33
259.0449
0
3DFACE
8
3D-COLECTOR-LOSA-SUPERIOR
10
-438.9093
20
13.5759
30
259.2500
11
-439.9092
21
13.5613
31
259.2500
12
-439.9340
22
15.2611
32
259.2500
13
-438.9341
23
15.2757
33
259.2500
0
3DFACE
8
3D-COLECTOR-MUROS
10
-438.9093
20
13.5759
30
258.5338
11
-439.9092
21
13.5613
31
258.5307
12
-439.9092
22
13.5613
32
259.2500
13
-438.9093
23
13.5759
33
259.2500
0
3DFACE
8
3D-COLECTOR-MUROS
10
-438.9341
20
15.2757
30
258.5338
11
-439.9340
21
15.2611
31
258.5307
12
-439.9340
22
15.2611
32
259.2500
13
-438.9341
23
15.2757
33
259.2500
0
3DFACE
8
3D-COLECTOR-LOSA-FONDO
10
-438.9093
20
13.5759
30
258.5338
11
-439.9092
21
13.5613
31
258.5307
12
-439.9340
22
15.2611
32
258.5307
13
-438.9341
23
15.2757
33
258.5338
0
3DFACE
8
3D-COLECTOR-INTERIOR
10
-438.9108
20
13.6759
30
258.6838
11
-439.9107
21
13.6613
31
258.6807
12
-439.9326
22
15.1611
32
258.6807
13
-438.9327
23
15.1757
33
258.6838
0
3DFACE
8
3D-COLECTOR-INTERIOR
10
-438.9108
20
13.6759
30
258.6838
11
-439.9107
21
13.6613
31
258.6807
12
-439.9107
22
13.6613
32
259.1500
13
-438.9108
23
13.6759
33
259.1500
0
3DFACE
8
3D-COLECTOR-INTERIOR
10
-438.9327
20
15.1757
30
258.6838
11
-439.9326
21
15.1611
31
258.6807
12
-439.9326
22
15.1611
32
259.1500
13
-438.9327
23
15.1757
33
259.1500
0
3DFACE
8
3D-COLECTOR-INTERIOR
10
-438.9108
20
13.6759
30
259.1500
11
-439.9107
21
13.6613
31
259.1500
12
-439.9326
22
15.1611
32
259.1500
13
-438.9327
23
15.1757
33
259.1500
0
3DFACE
8
3D-AGUA
10
-438.9108
20
13.6759
30
259.0435
11
-439.9107
21
13.6613
31
259.0422
12
-439.9326
22
15.1611
32
259.0422
13
-438.9327
23
15.1757
33
259.0435
0
3DFACE
8
3D-COLECTOR-LOSA-SUPERIOR
10
-439.9092
20
13.5613
30
259.2500
11
-440.9091
21
13.5467
31
259.2500
12
-440.9339
22
15.2465
32
259.2500
13
-439.9340
23
15.2611
33
259.2500
0
3DFACE
8
3D-COLECTOR-MUROS
10
-439.9092
20
13.5613
30
258.5307
11
-440.9091
21
13.5467
31
258.5277
12
-440.9091
22
13.5467
32
259.2500
13
-439.9092
23
13.5613
33
259.2500
0
3DFACE
8
3D-COLECTOR-MUROS
10
-439.9340
20
15.2611
30
258.5307
11
-440.9339
21
15.2465
31
258.5277
12
-440.9339
22
15.2465
32
259.2500
13
-439.9340
23
15.2611
33
259.2500
0
3DFACE
8
3D-COLECTOR-LOSA-FONDO
10
-439.9092
20
13.5613
30
258.5307
11
-440.9091
21
13.5467
31
258.5277
12
-440.9339
22
15.2465
32
258.5277
13
-439.9340
23
15.2611
33
258.5307
0
3DFACE
8
3D-COLECTOR-INTERIOR
10
-439.9107
20
13.6613
30
258.6807
11
-440.9106
21
13.6467
31
258.6777
12
-440.9325
22
15.1465
32
258.6777
13
-439.9326
23
15.1611
33
258.6807
0
3DFACE
8
3D-COLECTOR-INTERIOR
10
-439.9107
20
13.6613
30
258.6807
11
-440.9106
21
13.6467
31
258.6777
12
-440.9106
22
13.6467
32
259.1500
13
-439.9107
23
13.6613
33
259.1500
0
3DFACE
8
3D-COLECTOR-INTERIOR
10
-439.9326
20
15.1611
30
258.6807
11
-440.9325
21
15.1465
31
258.6777
12
-440.9325
22
15.1465
32
259.1500
13
-439.9326
23
15.1611
33
259.1500
0
3DFACE
8
3D-COLECTOR-INTERIOR
10
-439.9107
20
13.6613
30
259.1500
11
-440.9106
21
13.6467
31
259.1500
12
-440.9325
22
15.1465
32
259.1500
13
-439.9326
23
15.1611
33
259.1500
0
3DFACE
8
3D-AGUA
10
-439.9107
20
13.6613
30
259.0422
11
-440.9106
21
13.6467
31
259.0409
12
-440.9325
22
15.1465
32
259.0409
13
-439.9326
23
15.1611
33
259.0422
0
3DFACE
8
3D-COLECTOR-LOSA-SUPERIOR
10
-440.9091
20
13.5467
30
259.2500
11
-441.9090
21
13.5321
31
259.2500
12
-441.9338
22
15.2319
32
259.2500
13
-440.9339
23
15.2465
33
259.2500
0
3DFACE
8
3D-COLECTOR-MUROS
10
-440.9091
20
13.5467
30
258.5277
11
-441.9090
21
13.5321
31
258.5247
12
-441.9090
22
13.5321
32
259.2500
13
-440.9091
23
13.5467
33
259.2500
0
3DFACE
8
3D-COLECTOR-MUROS
10
-440.9339
20
15.2465
30
258.5277
11
-441.9338
21
15.2319
31
258.5247
12
-441.9338
22
15.2319
32
259.2500
13
-440.9339
23
15.2465
33
259.2500
0
3DFACE
8
3D-COLECTOR-LOSA-FONDO
10
-440.9091
20
13.5467
30
258.5277
11
-441.9090
21
13.5321
31
258.5247
12
-441.9338
22
15.2319
32
258.5247
13
-440.9339
23
15.2465
33
258.5277
0
3DFACE
8
3D-COLECTOR-INTERIOR
10
-440.9106
20
13.6467
30
258.6777
11
-441.9104
21
13.6320
31
258.6747
12
-441.9324
22
15.1319
32
258.6747
13
-440.9325
23
15.1465
33
258.6777
0
3DFACE
8
3D-COLECTOR-INTERIOR
10
-440.9106
20
13.6467
30
258.6777
11
-441.9104
21
13.6320
31
258.6747
12
-441.9104
22
13.6320
32
259.1500
13
-440.9106
23
13.6467
33
259.1500
0
3DFACE
8
3D-COLECTOR-INTERIOR
10
-440.9325
20
15.1465
30
258.6777
11
-441.9324
21
15.1319
31
258.6747
12
-441.9324
22
15.1319
32
259.1500
13
-440.9325
23
15.1465
33
259.1500
0
3DFACE
8
3D-COLECTOR-INTERIOR
10
-440.9106
20
13.6467
30
259.1500
11
-441.9104
21
13.6320
31
259.1500
12
-441.9324
22
15.1319
32
259.1500
13
-440.9325
23
15.1465
33
259.1500
0
3DFACE
8
3D-AGUA
10
-440.9106
20
13.6467
30
259.0409
11
-441.9104
21
13.6320
31
259.0396
12
-441.9324
22
15.1319
32
259.0396
13
-440.9325
23
15.1465
33
259.0409
0
3DFACE
8
3D-COLECTOR-LOSA-SUPERIOR
10
-441.9090
20
13.5321
30
259.2500
11
-442.9089
21
13.5174
31
259.2500
12
-442.9337
22
15.2173
32
259.2500
13
-441.9338
23
15.2319
33
259.2500
0
3DFACE
8
3D-COLECTOR-MUROS
10
-441.9090
20
13.5321
30
258.5247
11
-442.9089
21
13.5174
31
258.5217
12
-442.9089
22
13.5174
32
259.2500
13
-441.9090
23
13.5321
33
259.2500
0
3DFACE
8
3D-COLECTOR-MUROS
10
-441.9338
20
15.2319
30
258.5247
11
-442.9337
21
15.2173
31
258.5217
12
-442.9337
22
15.2173
32
259.2500
13
-441.9338
23
15.2319
33
259.2500
0
3DFACE
8
3D-COLECTOR-LOSA-FONDO
10
-441.9090
20
13.5321
30
258.5247
11
-442.9089
21
13.5174
31
258.5217
12
-442.9337
22
15.2173
32
258.5217
13
-441.9338
23
15.2319
33
258.5247
0
3DFACE
8
3D-COLECTOR-INTERIOR
10
-441.9104
20
13.6320
30
258.6747
11
-442.9103
21
13.6174
31
258.6717
12
-442.9322
22
15.1173
32
258.6717
13
-441.9324
23
15.1319
33
258.6747
0
3DFACE
8
3D-COLECTOR-INTERIOR
10
-441.9104
20
13.6320
30
258.6747
11
-442.9103
21
13.6174
31
258.6717
12
-442.9103
22
13.6174
32
259.1500
13
-441.9104
23
13.6320
33
259.1500
0
3DFACE
8
3D-COLECTOR-INTERIOR
10
-441.9324
20
15.1319
30
258.6747
11
-442.9322
21
15.1173
31
258.6717
12
-442.9322
22
15.1173
32
259.1500
13
-441.9324
23
15.1319
33
259.1500
0
3DFACE
8
3D-COLECTOR-INTERIOR
10
-441.9104
20
13.6320
30
259.1500
11
-442.9103
21
13.6174
31
259.1500
12
-442.9322
22
15.1173
32
259.1500
13
-441.9324
23
15.1319
33
259.1500
0
3DFACE
8
3D-AGUA
10
-441.9104
20
13.6320
30
259.0396
11
-442.9103
21
13.6174
31
259.0383
12
-442.9322
22
15.1173
32
259.0383
13
-441.9324
23
15.1319
33
259.0396
0
3DFACE
8
3D-COLECTOR-LOSA-SUPERIOR
10
-442.9089
20
13.5174
30
259.2500
11
-443.9088
21
13.5028
31
259.2500
12
-443.9336
22
15.2027
32
259.2500
13
-442.9337
23
15.2173
33
259.2500
0
3DFACE
8
3D-COLECTOR-MUROS
10
-442.9089
20
13.5174
30
258.5217
11
-443.9088
21
13.5028
31
258.5187
12
-443.9088
22
13.5028
32
259.2500
13
-442.9089
23
13.5174
33
259.2500
0
3DFACE
8
3D-COLECTOR-MUROS
10
-442.9337
20
15.2173
30
258.5217
11
-443.9336
21
15.2027
31
258.5187
12
-443.9336
22
15.2027
32
259.2500
13
-442.9337
23
15.2173
33
259.2500
0
3DFACE
8
3D-COLECTOR-LOSA-FONDO
10
-442.9089
20
13.5174
30
258.5217
11
-443.9088
21
13.5028
31
258.5187
12
-443.9336
22
15.2027
32
258.5187
13
-442.9337
23
15.2173
33
258.5217
0
3DFACE
8
3D-COLECTOR-INTERIOR
10
-442.9103
20
13.6174
30
258.6717
11
-443.9102
21
13.6028
31
258.6687
12
-443.9321
22
15.1027
32
258.6687
13
-442.9322
23
15.1173
33
258.6717
0
3DFACE
8
3D-COLECTOR-INTERIOR
10
-442.9103
20
13.6174
30
258.6717
11
-443.9102
21
13.6028
31
258.6687
12
-443.9102
22
13.6028
32
259.1500
13
-442.9103
23
13.6174
33
259.1500
0
3DFACE
8
3D-COLECTOR-INTERIOR
10
-442.9322
20
15.1173
30
258.6717
11
-443.9321
21
15.1027
31
258.6687
12
-443.9321
22
15.1027
32
259.1500
13
-442.9322
23
15.1173
33
259.1500
0
3DFACE
8
3D-COLECTOR-INTERIOR
10
-442.9103
20
13.6174
30
259.1500
11
-443.9102
21
13.6028
31
259.1500
12
-443.9321
22
15.1027
32
259.1500
13
-442.9322
23
15.1173
33
259.1500
0
3DFACE
8
3D-AGUA
10
-442.9103
20
13.6174
30
259.0383
11
-443.9102
21
13.6028
31
259.0371
12
-443.9321
22
15.1027
32
259.0371
13
-442.9322
23
15.1173
33
259.0383
0
3DFACE
8
3D-COLECTOR-LOSA-SUPERIOR
10
-443.9088
20
13.5028
30
259.2500
11
-444.9087
21
13.4882
31
259.2500
12
-444.9335
22
15.1880
32
259.2500
13
-443.9336
23
15.2027
33
259.2500
0
3DFACE
8
3D-COLECTOR-MUROS
10
-443.9088
20
13.5028
30
258.5187
11
-444.9087
21
13.4882
31
258.5156
12
-444.9087
22
13.4882
32
259.2500
13
-443.9088
23
13.5028
33
259.2500
0
3DFACE
8
3D-COLECTOR-MUROS
10
-443.9336
20
15.2027
30
258.5187
11
-444.9335
21
15.1880
31
258.5156
12
-444.9335
22
15.1880
32
259.2500
13
-443.9336
23
15.2027
33
259.2500
0
3DFACE
8
3D-COLECTOR-LOSA-FONDO
10
-443.9088
20
13.5028
30
258.5187
11
-444.9087
21
13.4882
31
258.5156
12
-444.9335
22
15.1880
32
258.5156
13
-443.9336
23
15.2027
33
258.5187
0
3DFACE
8
3D-COLECTOR-INTERIOR
10
-443.9102
20
13.6028
30
258.6687
11
-444.9101
21
13.5882
31
258.6656
12
-444.9320
22
15.0881
32
258.6656
13
-443.9321
23
15.1027
33
258.6687
0
3DFACE
8
3D-COLECTOR-INTERIOR
10
-443.9102
20
13.6028
30
258.6687
11
-444.9101
21
13.5882
31
258.6656
12
-444.9101
22
13.5882
32
259.1500
13
-443.9102
23
13.6028
33
259.1500
0
3DFACE
8
3D-COLECTOR-INTERIOR
10
-443.9321
20
15.1027
30
258.6687
11
-444.9320
21
15.0881
31
258.6656
12
-444.9320
22
15.0881
32
259.1500
13
-443.9321
23
15.1027
33
259.1500
0
3DFACE
8
3D-COLECTOR-INTERIOR
10
-443.9102
20
13.6028
30
259.1500
11
-444.9101
21
13.5882
31
259.1500
12
-444.9320
22
15.0881
32
259.1500
13
-443.9321
23
15.1027
33
259.1500
0
3DFACE
8
3D-AGUA
10
-443.9102
20
13.6028
30
259.0371
11
-444.9101
21
13.5882
31
259.0359
12
-444.9320
22
15.0881
32
259.0359
13
-443.9321
23
15.1027
33
259.0371
0
3DFACE
8
3D-COLECTOR-LOSA-SUPERIOR
10
-444.9087
20
13.4882
30
259.2500
11
-445.4739
21
13.4800
31
259.2500
12
-445.4988
22
15.1798
32
259.2500
13
-444.9335
23
15.1880
33
259.2500
0
3DFACE
8
3D-COLECTOR-MUROS
10
-444.9087
20
13.4882
30
258.5156
11
-445.4739
21
13.4800
31
258.5139
12
-445.4739
22
13.4800
32
259.2500
13
-444.9087
23
13.4882
33
259.2500
0
3DFACE
8
3D-COLECTOR-MUROS
10
-444.9335
20
15.1880
30
258.5156
11
-445.4988
21
15.1798
31
258.5139
12
-445.4988
22
15.1798
32
259.2500
13
-444.9335
23
15.1880
33
259.2500
0
3DFACE
8
3D-COLECTOR-LOSA-FONDO
10
-444.9087
20
13.4882
30
258.5156
11
-445.4739
21
13.4800
31
258.5139
12
-445.4988
22
15.1798
32
258.5139
13
-444.9335
23
15.1880
33
258.5156
0
3DFACE
8
3D-COLECTOR-INTERIOR
10
-444.9101
20
13.5882
30
258.6656
11
-445.4754
21
13.5800
31
258.6639
12
-445.4973
22
15.0798
32
258.6639
13
-444.9320
23
15.0881
33
258.6656
0
3DFACE
8
3D-COLECTOR-INTERIOR
10
-444.9101
20
13.5882
30
258.6656
11
-445.4754
21
13.5800
31
258.6639
12
-445.4754
22
13.5800
32
259.1500
13
-444.9101
23
13.5882
33
259.1500
0
3DFACE
8
3D-COLECTOR-INTERIOR
10
-444.9320
20
15.0881
30
258.6656
11
-445.4973
21
15.0798
31
258.6639
12
-445.4973
22
15.0798
32
259.1500
13
-444.9320
23
15.0881
33
259.1500
0
3DFACE
8
3D-COLECTOR-INTERIOR
10
-444.9101
20
13.5882
30
259.1500
11
-445.4754
21
13.5800
31
259.1500
12
-445.4973
22
15.0798
32
259.1500
13
-444.9320
23
15.0881
33
259.1500
0
3DFACE
8
3D-AGUA
10
-444.9101
20
13.5882
30
259.0359
11
-445.4754
21
13.5800
31
259.0353
12
-445.4973
22
15.0798
32
259.0353
13
-444.9320
23
15.0881
33
259.0359
0
3DFACE
8
3D-COLECTOR-LOSA-SUPERIOR
10
-445.4739
20
13.4800
30
259.2500
11
-445.9047
21
13.4717
31
259.2500
12
-445.9372
22
15.1714
32
259.2500
13
-445.4988
23
15.1798
33
259.2500
0
3DFACE
8
3D-COLECTOR-MUROS
10
-445.4739
20
13.4800
30
258.5139
11
-445.9047
21
13.4717
31
258.5126
12
-445.9047
22
13.4717
32
259.2500
13
-445.4739
23
13.4800
33
259.2500
0
3DFACE
8
3D-COLECTOR-MUROS
10
-445.4988
20
15.1798
30
258.5139
11
-445.9372
21
15.1714
31
258.5126
12
-445.9372
22
15.1714
32
259.2500
13
-445.4988
23
15.1798
33
259.2500
0
3DFACE
8
3D-COLECTOR-LOSA-FONDO
10
-445.4739
20
13.4800
30
258.5139
11
-445.9047
21
13.4717
31
258.5126
12
-445.9372
22
15.1714
32
258.5126
13
-445.4988
23
15.1798
33
258.5139
0
3DFACE
8
3D-COLECTOR-INTERIOR
10
-445.4754
20
13.5800
30
258.6639
11
-445.9066
21
13.5717
31
258.6626
12
-445.9353
22
15.0714
32
258.6626
13
-445.4973
23
15.0798
33
258.6639
0
3DFACE
8
3D-COLECTOR-INTERIOR
10
-445.4754
20
13.5800
30
258.6639
11
-445.9066
21
13.5717
31
258.6626
12
-445.9066
22
13.5717
32
259.1500
13
-445.4754
23
13.5800
33
259.1500
0
3DFACE
8
3D-COLECTOR-INTERIOR
10
-445.4973
20
15.0798
30
258.6639
11
-445.9353
21
15.0714
31
258.6626
12
-445.9353
22
15.0714
32
259.1500
13
-445.4973
23
15.0798
33
259.1500
0
3DFACE
8
3D-COLECTOR-INTERIOR
10
-445.4754
20
13.5800
30
259.1500
11
-445.9066
21
13.5717
31
259.1500
12
-445.9353
22
15.0714
32
259.1500
13
-445.4973
23
15.0798
33
259.1500
0
3DFACE
8
3D-AGUA
10
-445.4754
20
13.5800
30
259.0353
11
-445.9066
21
13.5717
31
259.0347
12
-445.9353
22
15.0714
32
259.0347
13
-445.4973
23
15.0798
33
259.0353
0
3DFACE
8
3D-COLECTOR-LOSA-SUPERIOR
10
-445.9047
20
13.4717
30
259.2500
11
-446.9045
21
13.4526
31
259.2500
12
-446.9370
22
15.1523
32
259.2500
13
-445.9372
23
15.1714
33
259.2500
0
3DFACE
8
3D-COLECTOR-MUROS
10
-445.9047
20
13.4717
30
258.5126
11
-446.9045
21
13.4526
31
258.5096
12
-446.9045
22
13.4526
32
259.2500
13
-445.9047
23
13.4717
33
259.2500
0
3DFACE
8
3D-COLECTOR-MUROS
10
-445.9372
20
15.1714
30
258.5126
11
-446.9370
21
15.1523
31
258.5096
12
-446.9370
22
15.1523
32
259.2500
13
-445.9372
23
15.1714
33
259.2500
0
3DFACE
8
3D-COLECTOR-LOSA-FONDO
10
-445.9047
20
13.4717
30
258.5126
11
-446.9045
21
13.4526
31
258.5096
12
-446.9370
22
15.1523
32
258.5096
13
-445.9372
23
15.1714
33
258.5126
0
3DFACE
8
3D-COLECTOR-INTERIOR
10
-445.9066
20
13.5717
30
258.6626
11
-446.9064
21
13.5526
31
258.6596
12
-446.9351
22
15.0523
32
258.6596
13
-445.9353
23
15.0714
33
258.6626
0
3DFACE
8
3D-COLECTOR-INTERIOR
10
-445.9066
20
13.5717
30
258.6626
11
-446.9064
21
13.5526
31
258.6596
12
-446.9064
22
13.5526
32
259.1500
13
-445.9066
23
13.5717
33
259.1500
0
3DFACE
8
3D-COLECTOR-INTERIOR
10
-445.9353
20
15.0714
30
258.6626
11
-446.9351
21
15.0523
31
258.6596
12
-446.9351
22
15.0523
32
259.1500
13
-445.9353
23
15.0714
33
259.1500
0
3DFACE
8
3D-COLECTOR-INTERIOR
10
-445.9066
20
13.5717
30
259.1500
11
-446.9064
21
13.5526
31
259.1500
12
-446.9351
22
15.0523
32
259.1500
13
-445.9353
23
15.0714
33
259.1500
0
3DFACE
8
3D-AGUA
10
-445.9066
20
13.5717
30
259.0347
11
-446.9064
21
13.5526
31
259.0335
12
-446.9351
22
15.0523
32
259.0335
13
-445.9353
23
15.0714
33
259.0347
0
3DFACE
8
3D-COLECTOR-LOSA-SUPERIOR
10
-446.9045
20
13.4526
30
259.2500
11
-447.9043
21
13.4334
31
259.2500
12
-447.9368
22
15.1331
32
259.2500
13
-446.9370
23
15.1523
33
259.2500
0
3DFACE
8
3D-COLECTOR-MUROS
10
-446.9045
20
13.4526
30
258.5096
11
-447.9043
21
13.4334
31
258.5066
12
-447.9043
22
13.4334
32
259.2500
13
-446.9045
23
13.4526
33
259.2500
0
3DFACE
8
3D-COLECTOR-MUROS
10
-446.9370
20
15.1523
30
258.5096
11
-447.9368
21
15.1331
31
258.5066
12
-447.9368
22
15.1331
32
259.2500
13
-446.9370
23
15.1523
33
259.2500
0
3DFACE
8
3D-COLECTOR-LOSA-FONDO
10
-446.9045
20
13.4526
30
258.5096
11
-447.9043
21
13.4334
31
258.5066
12
-447.9368
22
15.1331
32
258.5066
13
-446.9370
23
15.1523
33
258.5096
0
3DFACE
8
3D-COLECTOR-INTERIOR
10
-446.9064
20
13.5526
30
258.6596
11
-447.9062
21
13.5334
31
258.6566
12
-447.9349
22
15.0331
32
258.6566
13
-446.9351
23
15.0523
33
258.6596
0
3DFACE
8
3D-COLECTOR-INTERIOR
10
-446.9064
20
13.5526
30
258.6596
11
-447.9062
21
13.5334
31
258.6566
12
-447.9062
22
13.5334
32
259.1500
13
-446.9064
23
13.5526
33
259.1500
0
3DFACE
8
3D-COLECTOR-INTERIOR
10
-446.9351
20
15.0523
30
258.6596
11
-447.9349
21
15.0331
31
258.6566
12
-447.9349
22
15.0331
32
259.1500
13
-446.9351
23
15.0523
33
259.1500
0
3DFACE
8
3D-COLECTOR-INTERIOR
10
-446.9064
20
13.5526
30
259.1500
11
-447.9062
21
13.5334
31
259.1500
12
-447.9349
22
15.0331
32
259.1500
13
-446.9351
23
15.0523
33
259.1500
0
3DFACE
8
3D-AGUA
10
-446.9064
20
13.5526
30
259.0335
11
-447.9062
21
13.5334
31
259.0324
12
-447.9349
22
15.0331
32
259.0324
13
-446.9351
23
15.0523
33
259.0335
0
3DFACE
8
3D-COLECTOR-LOSA-SUPERIOR
10
-447.9043
20
13.4334
30
259.2500
11
-448.9041
21
13.4143
31
259.2500
12
-448.9367
22
15.1140
32
259.2500
13
-447.9368
23
15.1331
33
259.2500
0
3DFACE
8
3D-COLECTOR-MUROS
10
-447.9043
20
13.4334
30
258.5066
11
-448.9041
21
13.4143
31
258.5036
12
-448.9041
22
13.4143
32
259.2500
13
-447.9043
23
13.4334
33
259.2500
0
3DFACE
8
3D-COLECTOR-MUROS
10
-447.9368
20
15.1331
30
258.5066
11
-448.9367
21
15.1140
31
258.5036
12
-448.9367
22
15.1140
32
259.2500
13
-447.9368
23
15.1331
33
259.2500
0
3DFACE
8
3D-COLECTOR-LOSA-FONDO
10
-447.9043
20
13.4334
30
258.5066
11
-448.9041
21
13.4143
31
258.5036
12
-448.9367
22
15.1140
32
258.5036
13
-447.9368
23
15.1331
33
258.5066
0
3DFACE
8
3D-COLECTOR-INTERIOR
10
-447.9062
20
13.5334
30
258.6566
11
-448.9060
21
13.5143
31
258.6536
12
-448.9347
22
15.0140
32
258.6536
13
-447.9349
23
15.0331
33
258.6566
0
3DFACE
8
3D-COLECTOR-INTERIOR
10
-447.9062
20
13.5334
30
258.6566
11
-448.9060
21
13.5143
31
258.6536
12
-448.9060
22
13.5143
32
259.1500
13
-447.9062
23
13.5334
33
259.1500
0
3DFACE
8
3D-COLECTOR-INTERIOR
10
-447.9349
20
15.0331
30
258.6566
11
-448.9347
21
15.0140
31
258.6536
12
-448.9347
22
15.0140
32
259.1500
13
-447.9349
23
15.0331
33
259.1500
0
3DFACE
8
3D-COLECTOR-INTERIOR
10
-447.9062
20
13.5334
30
259.1500
11
-448.9060
21
13.5143
31
259.1500
12
-448.9347
22
15.0140
32
259.1500
13
-447.9349
23
15.0331
33
259.1500
0
3DFACE
8
3D-AGUA
10
-447.9062
20
13.5334
30
259.0324
11
-448.9060
21
13.5143
31
259.0313
12
-448.9347
22
15.0140
32
259.0313
13
-447.9349
23
15.0331
33
259.0324
0
3DFACE
8
3D-COLECTOR-LOSA-SUPERIOR
10
-448.9041
20
13.4143
30
259.2500
11
-449.9039
21
13.3951
31
259.2500
12
-449.9365
22
15.0948
32
259.2500
13
-448.9367
23
15.1140
33
259.2500
0
3DFACE
8
3D-COLECTOR-MUROS
10
-448.9041
20
13.4143
30
258.5036
11
-449.9039
21
13.3951
31
258.5005
12
-449.9039
22
13.3951
32
259.2500
13
-448.9041
23
13.4143
33
259.2500
0
3DFACE
8
3D-COLECTOR-MUROS
10
-448.9367
20
15.1140
30
258.5036
11
-449.9365
21
15.0948
31
258.5005
12
-449.9365
22
15.0948
32
259.2500
13
-448.9367
23
15.1140
33
259.2500
0
3DFACE
8
3D-COLECTOR-LOSA-FONDO
10
-448.9041
20
13.4143
30
258.5036
11
-449.9039
21
13.3951
31
258.5005
12
-449.9365
22
15.0948
32
258.5005
13
-448.9367
23
15.1140
33
258.5036
0
3DFACE
8
3D-COLECTOR-INTERIOR
10
-448.9060
20
13.5143
30
258.6536
11
-449.9058
21
13.4951
31
258.6505
12
-449.9346
22
14.9948
32
258.6505
13
-448.9347
23
15.0140
33
258.6536
0
3DFACE
8
3D-COLECTOR-INTERIOR
10
-448.9060
20
13.5143
30
258.6536
11
-449.9058
21
13.4951
31
258.6505
12
-449.9058
22
13.4951
32
259.1500
13
-448.9060
23
13.5143
33
259.1500
0
3DFACE
8
3D-COLECTOR-INTERIOR
10
-448.9347
20
15.0140
30
258.6536
11
-449.9346
21
14.9948
31
258.6505
12
-449.9346
22
14.9948
32
259.1500
13
-448.9347
23
15.0140
33
259.1500
0
3DFACE
8
3D-COLECTOR-INTERIOR
10
-448.9060
20
13.5143
30
259.1500
11
-449.9058
21
13.4951
31
259.1500
12
-449.9346
22
14.9948
32
259.1500
13
-448.9347
23
15.0140
33
259.1500
0
3DFACE
8
3D-AGUA
10
-448.9060
20
13.5143
30
259.0313
11
-449.9058
21
13.4951
31
259.0302
12
-449.9346
22
14.9948
32
259.0302
13
-448.9347
23
15.0140
33
259.0313
0
3DFACE
8
3D-COLECTOR-LOSA-SUPERIOR
10
-449.9039
20
13.3951
30
259.2500
11
-450.9037
21
13.3760
31
259.2500
12
-450.9363
22
15.0757
32
259.2500
13
-449.9365
23
15.0948
33
259.2500
0
3DFACE
8
3D-COLECTOR-MUROS
10
-449.9039
20
13.3951
30
258.5005
11
-450.9037
21
13.3760
31
258.4975
12
-450.9037
22
13.3760
32
259.2500
13
-449.9039
23
13.3951
33
259.2500
0
3DFACE
8
3D-COLECTOR-MUROS
10
-449.9365
20
15.0948
30
258.5005
11
-450.9363
21
15.0757
31
258.4975
12
-450.9363
22
15.0757
32
259.2500
13
-449.9365
23
15.0948
33
259.2500
0
3DFACE
8
3D-COLECTOR-LOSA-FONDO
10
-449.9039
20
13.3951
30
258.5005
11
-450.9037
21
13.3760
31
258.4975
12
-450.9363
22
15.0757
32
258.4975
13
-449.9365
23
15.0948
33
258.5005
0
3DFACE
8
3D-COLECTOR-INTERIOR
10
-449.9058
20
13.4951
30
258.6505
11
-450.9057
21
13.4760
31
258.6475
12
-450.9344
22
14.9757
32
258.6475
13
-449.9346
23
14.9948
33
258.6505
0
3DFACE
8
3D-COLECTOR-INTERIOR
10
-449.9058
20
13.4951
30
258.6505
11
-450.9057
21
13.4760
31
258.6475
12
-450.9057
22
13.4760
32
259.1500
13
-449.9058
23
13.4951
33
259.1500
0
3DFACE
8
3D-COLECTOR-INTERIOR
10
-449.9346
20
14.9948
30
258.6505
11
-450.9344
21
14.9757
31
258.6475
12
-450.9344
22
14.9757
32
259.1500
13
-449.9346
23
14.9948
33
259.1500
0
3DFACE
8
3D-COLECTOR-INTERIOR
10
-449.9058
20
13.4951
30
259.1500
11
-450.9057
21
13.4760
31
259.1500
12
-450.9344
22
14.9757
32
259.1500
13
-449.9346
23
14.9948
33
259.1500
0
3DFACE
8
3D-AGUA
10
-449.9058
20
13.4951
30
259.0302
11
-450.9057
21
13.4760
31
259.0291
12
-450.9344
22
14.9757
32
259.0291
13
-449.9346
23
14.9948
33
259.0302
0
3DFACE
8
3D-COLECTOR-LOSA-SUPERIOR
10
-450.9037
20
13.3760
30
259.2500
11
-451.9036
21
13.3568
31
259.2500
12
-451.9361
22
15.0565
32
259.2500
13
-450.9363
23
15.0757
33
259.2500
0
3DFACE
8
3D-COLECTOR-MUROS
10
-450.9037
20
13.3760
30
258.4975
11
-451.9036
21
13.3568
31
258.4945
12
-451.9036
22
13.3568
32
259.2500
13
-450.9037
23
13.3760
33
259.2500
0
3DFACE
8
3D-COLECTOR-MUROS
10
-450.9363
20
15.0757
30
258.4975
11
-451.9361
21
15.0565
31
258.4945
12
-451.9361
22
15.0565
32
259.2500
13
-450.9363
23
15.0757
33
259.2500
0
3DFACE
8
3D-COLECTOR-LOSA-FONDO
10
-450.9037
20
13.3760
30
258.4975
11
-451.9036
21
13.3568
31
258.4945
12
-451.9361
22
15.0565
32
258.4945
13
-450.9363
23
15.0757
33
258.4975
0
3DFACE
8
3D-COLECTOR-INTERIOR
10
-450.9057
20
13.4760
30
258.6475
11
-451.9055
21
13.4568
31
258.6445
12
-451.9342
22
14.9565
32
258.6445
13
-450.9344
23
14.9757
33
258.6475
0
3DFACE
8
3D-COLECTOR-INTERIOR
10
-450.9057
20
13.4760
30
258.6475
11
-451.9055
21
13.4568
31
258.6445
12
-451.9055
22
13.4568
32
259.1500
13
-450.9057
23
13.4760
33
259.1500
0
3DFACE
8
3D-COLECTOR-INTERIOR
10
-450.9344
20
14.9757
30
258.6475
11
-451.9342
21
14.9565
31
258.6445
12
-451.9342
22
14.9565
32
259.1500
13
-450.9344
23
14.9757
33
259.1500
0
3DFACE
8
3D-COLECTOR-INTERIOR
10
-450.9057
20
13.4760
30
259.1500
11
-451.9055
21
13.4568
31
259.1500
12
-451.9342
22
14.9565
32
259.1500
13
-450.9344
23
14.9757
33
259.1500
0
3DFACE
8
3D-AGUA
10
-450.9057
20
13.4760
30
259.0291
11
-451.9055
21
13.4568
31
259.0281
12
-451.9342
22
14.9565
32
259.0281
13
-450.9344
23
14.9757
33
259.0291
0
3DFACE
8
3D-COLECTOR-LOSA-SUPERIOR
10
-451.9036
20
13.3568
30
259.2500
11
-452.9034
21
13.3377
31
259.2500
12
-452.9359
22
15.0374
32
259.2500
13
-451.9361
23
15.0565
33
259.2500
0
3DFACE
8
3D-COLECTOR-MUROS
10
-451.9036
20
13.3568
30
258.4945
11
-452.9034
21
13.3377
31
258.4915
12
-452.9034
22
13.3377
32
259.2500
13
-451.9036
23
13.3568
33
259.2500
0
3DFACE
8
3D-COLECTOR-MUROS
10
-451.9361
20
15.0565
30
258.4945
11
-452.9359
21
15.0374
31
258.4915
12
-452.9359
22
15.0374
32
259.2500
13
-451.9361
23
15.0565
33
259.2500
0
3DFACE
8
3D-COLECTOR-LOSA-FONDO
10
-451.9036
20
13.3568
30
258.4945
11
-452.9034
21
13.3377
31
258.4915
12
-452.9359
22
15.0374
32
258.4915
13
-451.9361
23
15.0565
33
258.4945
0
3DFACE
8
3D-COLECTOR-INTERIOR
10
-451.9055
20
13.4568
30
258.6445
11
-452.9053
21
13.4377
31
258.6415
12
-452.9340
22
14.9374
32
258.6415
13
-451.9342
23
14.9565
33
258.6445
0
3DFACE
8
3D-COLECTOR-INTERIOR
10
-451.9055
20
13.4568
30
258.6445
11
-452.9053
21
13.4377
31
258.6415
12
-452.9053
22
13.4377
32
259.1500
13
-451.9055
23
13.4568
33
259.1500
0
3DFACE
8
3D-COLECTOR-INTERIOR
10
-451.9342
20
14.9565
30
258.6445
11
-452.9340
21
14.9374
31
258.6415
12
-452.9340
22
14.9374
32
259.1500
13
-451.9342
23
14.9565
33
259.1500
0
3DFACE
8
3D-COLECTOR-INTERIOR
10
-451.9055
20
13.4568
30
259.1500
11
-452.9053
21
13.4377
31
259.1500
12
-452.9340
22
14.9374
32
259.1500
13
-451.9342
23
14.9565
33
259.1500
0
3DFACE
8
3D-AGUA
10
-451.9055
20
13.4568
30
259.0281
11
-452.9053
21
13.4377
31
259.0271
12
-452.9340
22
14.9374
32
259.0271
13
-451.9342
23
14.9565
33
259.0281
0
3DFACE
8
3D-COLECTOR-LOSA-SUPERIOR
10
-452.9034
20
13.3377
30
259.2500
11
-453.9032
21
13.3186
31
259.2500
12
-453.9357
22
15.0182
32
259.2500
13
-452.9359
23
15.0374
33
259.2500
0
3DFACE
8
3D-COLECTOR-MUROS
10
-452.9034
20
13.3377
30
258.4915
11
-453.9032
21
13.3186
31
258.4885
12
-453.9032
22
13.3186
32
259.2500
13
-452.9034
23
13.3377
33
259.2500
0
3DFACE
8
3D-COLECTOR-MUROS
10
-452.9359
20
15.0374
30
258.4915
11
-453.9357
21
15.0182
31
258.4885
12
-453.9357
22
15.0182
32
259.2500
13
-452.9359
23
15.0374
33
259.2500
0
3DFACE
8
3D-COLECTOR-LOSA-FONDO
10
-452.9034
20
13.3377
30
258.4915
11
-453.9032
21
13.3186
31
258.4885
12
-453.9357
22
15.0182
32
258.4885
13
-452.9359
23
15.0374
33
258.4915
0
3DFACE
8
3D-COLECTOR-INTERIOR
10
-452.9053
20
13.4377
30
258.6415
11
-453.9051
21
13.4185
31
258.6385
12
-453.9338
22
14.9183
32
258.6385
13
-452.9340
23
14.9374
33
258.6415
0
3DFACE
8
3D-COLECTOR-INTERIOR
10
-452.9053
20
13.4377
30
258.6415
11
-453.9051
21
13.4185
31
258.6385
12
-453.9051
22
13.4185
32
259.1500
13
-452.9053
23
13.4377
33
259.1500
0
3DFACE
8
3D-COLECTOR-INTERIOR
10
-452.9340
20
14.9374
30
258.6415
11
-453.9338
21
14.9183
31
258.6385
12
-453.9338
22
14.9183
32
259.1500
13
-452.9340
23
14.9374
33
259.1500
0
3DFACE
8
3D-COLECTOR-INTERIOR
10
-452.9053
20
13.4377
30
259.1500
11
-453.9051
21
13.4185
31
259.1500
12
-453.9338
22
14.9183
32
259.1500
13
-452.9340
23
14.9374
33
259.1500
0
3DFACE
8
3D-AGUA
10
-452.9053
20
13.4377
30
259.0271
11
-453.9051
21
13.4185
31
259.0261
12
-453.9338
22
14.9183
32
259.0261
13
-452.9340
23
14.9374
33
259.0271
0
3DFACE
8
3D-COLECTOR-LOSA-SUPERIOR
10
-453.9032
20
13.3186
30
259.2500
11
-454.9030
21
13.2994
31
259.2500
12
-454.9356
22
14.9991
32
259.2500
13
-453.9357
23
15.0182
33
259.2500
0
3DFACE
8
3D-COLECTOR-MUROS
10
-453.9032
20
13.3186
30
258.4885
11
-454.9030
21
13.2994
31
258.4854
12
-454.9030
22
13.2994
32
259.2500
13
-453.9032
23
13.3186
33
259.2500
0
3DFACE
8
3D-COLECTOR-MUROS
10
-453.9357
20
15.0182
30
258.4885
11
-454.9356
21
14.9991
31
258.4854
12
-454.9356
22
14.9991
32
259.2500
13
-453.9357
23
15.0182
33
259.2500
0
3DFACE
8
3D-COLECTOR-LOSA-FONDO
10
-453.9032
20
13.3186
30
258.4885
11
-454.9030
21
13.2994
31
258.4854
12
-454.9356
22
14.9991
32
258.4854
13
-453.9357
23
15.0182
33
258.4885
0
3DFACE
8
3D-COLECTOR-INTERIOR
10
-453.9051
20
13.4185
30
258.6385
11
-454.9049
21
13.3994
31
258.6354
12
-454.9336
22
14.8991
32
258.6354
13
-453.9338
23
14.9183
33
258.6385
0
3DFACE
8
3D-COLECTOR-INTERIOR
10
-453.9051
20
13.4185
30
258.6385
11
-454.9049
21
13.3994
31
258.6354
12
-454.9049
22
13.3994
32
259.1500
13
-453.9051
23
13.4185
33
259.1500
0
3DFACE
8
3D-COLECTOR-INTERIOR
10
-453.9338
20
14.9183
30
258.6385
11
-454.9336
21
14.8991
31
258.6354
12
-454.9336
22
14.8991
32
259.1500
13
-453.9338
23
14.9183
33
259.1500
0
3DFACE
8
3D-COLECTOR-INTERIOR
10
-453.9051
20
13.4185
30
259.1500
11
-454.9049
21
13.3994
31
259.1500
12
-454.9336
22
14.8991
32
259.1500
13
-453.9338
23
14.9183
33
259.1500
0
3DFACE
8
3D-AGUA
10
-453.9051
20
13.4185
30
259.0261
11
-454.9049
21
13.3994
31
259.0251
12
-454.9336
22
14.8991
32
259.0251
13
-453.9338
23
14.9183
33
259.0261
0
3DFACE
8
3D-COLECTOR-LOSA-SUPERIOR
10
-454.9030
20
13.2994
30
259.2500
11
-455.9028
21
13.2803
31
259.2500
12
-455.9354
22
14.9799
32
259.2500
13
-454.9356
23
14.9991
33
259.2500
0
3DFACE
8
3D-COLECTOR-MUROS
10
-454.9030
20
13.2994
30
258.4854
11
-455.9028
21
13.2803
31
258.4824
12
-455.9028
22
13.2803
32
259.2500
13
-454.9030
23
13.2994
33
259.2500
0
3DFACE
8
3D-COLECTOR-MUROS
10
-454.9356
20
14.9991
30
258.4854
11
-455.9354
21
14.9799
31
258.4824
12
-455.9354
22
14.9799
32
259.2500
13
-454.9356
23
14.9991
33
259.2500
0
3DFACE
8
3D-COLECTOR-LOSA-FONDO
10
-454.9030
20
13.2994
30
258.4854
11
-455.9028
21
13.2803
31
258.4824
12
-455.9354
22
14.9799
32
258.4824
13
-454.9356
23
14.9991
33
258.4854
0
3DFACE
8
3D-COLECTOR-INTERIOR
10
-454.9049
20
13.3994
30
258.6354
11
-455.9047
21
13.3802
31
258.6324
12
-455.9335
22
14.8800
32
258.6324
13
-454.9336
23
14.8991
33
258.6354
0
3DFACE
8
3D-COLECTOR-INTERIOR
10
-454.9049
20
13.3994
30
258.6354
11
-455.9047
21
13.3802
31
258.6324
12
-455.9047
22
13.3802
32
259.1500
13
-454.9049
23
13.3994
33
259.1500
0
3DFACE
8
3D-COLECTOR-INTERIOR
10
-454.9336
20
14.8991
30
258.6354
11
-455.9335
21
14.8800
31
258.6324
12
-455.9335
22
14.8800
32
259.1500
13
-454.9336
23
14.8991
33
259.1500
0
3DFACE
8
3D-COLECTOR-INTERIOR
10
-454.9049
20
13.3994
30
259.1500
11
-455.9047
21
13.3802
31
259.1500
12
-455.9335
22
14.8800
32
259.1500
13
-454.9336
23
14.8991
33
259.1500
0
3DFACE
8
3D-AGUA
10
-454.9049
20
13.3994
30
259.0251
11
-455.9047
21
13.3802
31
259.0241
12
-455.9335
22
14.8800
32
259.0241
13
-454.9336
23
14.8991
33
259.0251
0
3DFACE
8
3D-COLECTOR-LOSA-SUPERIOR
10
-455.9028
20
13.2803
30
259.2500
11
-456.9026
21
13.2611
31
259.2500
12
-456.9352
22
14.9608
32
259.2500
13
-455.9354
23
14.9799
33
259.2500
0
3DFACE
8
3D-COLECTOR-MUROS
10
-455.9028
20
13.2803
30
258.4824
11
-456.9026
21
13.2611
31
258.4794
12
-456.9026
22
13.2611
32
259.2500
13
-455.9028
23
13.2803
33
259.2500
0
3DFACE
8
3D-COLECTOR-MUROS
10
-455.9354
20
14.9799
30
258.4824
11
-456.9352
21
14.9608
31
258.4794
12
-456.9352
22
14.9608
32
259.2500
13
-455.9354
23
14.9799
33
259.2500
0
3DFACE
8
3D-COLECTOR-LOSA-FONDO
10
-455.9028
20
13.2803
30
258.4824
11
-456.9026
21
13.2611
31
258.4794
12
-456.9352
22
14.9608
32
258.4794
13
-455.9354
23
14.9799
33
258.4824
0
3DFACE
8
3D-COLECTOR-INTERIOR
10
-455.9047
20
13.3802
30
258.6324
11
-456.9046
21
13.3611
31
258.6294
12
-456.9333
22
14.8608
32
258.6294
13
-455.9335
23
14.8800
33
258.6324
0
3DFACE
8
3D-COLECTOR-INTERIOR
10
-455.9047
20
13.3802
30
258.6324
11
-456.9046
21
13.3611
31
258.6294
12
-456.9046
22
13.3611
32
259.1500
13
-455.9047
23
13.3802
33
259.1500
0
3DFACE
8
3D-COLECTOR-INTERIOR
10
-455.9335
20
14.8800
30
258.6324
11
-456.9333
21
14.8608
31
258.6294
12
-456.9333
22
14.8608
32
259.1500
13
-455.9335
23
14.8800
33
259.1500
0
3DFACE
8
3D-COLECTOR-INTERIOR
10
-455.9047
20
13.3802
30
259.1500
11
-456.9046
21
13.3611
31
259.1500
12
-456.9333
22
14.8608
32
259.1500
13
-455.9335
23
14.8800
33
259.1500
0
3DFACE
8
3D-AGUA
10
-455.9047
20
13.3802
30
259.0241
11
-456.9046
21
13.3611
31
259.0232
12
-456.9333
22
14.8608
32
259.0232
13
-455.9335
23
14.8800
33
259.0241
0
3DFACE
8
3D-COLECTOR-LOSA-SUPERIOR
10
-456.9026
20
13.2611
30
259.2500
11
-457.9025
21
13.2420
31
259.2500
12
-457.9350
22
14.9417
32
259.2500
13
-456.9352
23
14.9608
33
259.2500
0
3DFACE
8
3D-COLECTOR-MUROS
10
-456.9026
20
13.2611
30
258.4794
11
-457.9025
21
13.2420
31
258.4764
12
-457.9025
22
13.2420
32
259.2500
13
-456.9026
23
13.2611
33
259.2500
0
3DFACE
8
3D-COLECTOR-MUROS
10
-456.9352
20
14.9608
30
258.4794
11
-457.9350
21
14.9417
31
258.4764
12
-457.9350
22
14.9417
32
259.2500
13
-456.9352
23
14.9608
33
259.2500
0
3DFACE
8
3D-COLECTOR-LOSA-FONDO
10
-456.9026
20
13.2611
30
258.4794
11
-457.9025
21
13.2420
31
258.4764
12
-457.9350
22
14.9417
32
258.4764
13
-456.9352
23
14.9608
33
258.4794
0
3DFACE
8
3D-COLECTOR-INTERIOR
10
-456.9046
20
13.3611
30
258.6294
11
-457.9044
21
13.3420
31
258.6264
12
-457.9331
22
14.8417
32
258.6264
13
-456.9333
23
14.8608
33
258.6294
0
3DFACE
8
3D-COLECTOR-INTERIOR
10
-456.9046
20
13.3611
30
258.6294
11
-457.9044
21
13.3420
31
258.6264
12
-457.9044
22
13.3420
32
259.1500
13
-456.9046
23
13.3611
33
259.1500
0
3DFACE
8
3D-COLECTOR-INTERIOR
10
-456.9333
20
14.8608
30
258.6294
11
-457.9331
21
14.8417
31
258.6264
12
-457.9331
22
14.8417
32
259.1500
13
-456.9333
23
14.8608
33
259.1500
0
3DFACE
8
3D-COLECTOR-INTERIOR
10
-456.9046
20
13.3611
30
259.1500
11
-457.9044
21
13.3420
31
259.1500
12
-457.9331
22
14.8417
32
259.1500
13
-456.9333
23
14.8608
33
259.1500
0
3DFACE
8
3D-AGUA
10
-456.9046
20
13.3611
30
259.0232
11
-457.9044
21
13.3420
31
259.0223
12
-457.9331
22
14.8417
32
259.0223
13
-456.9333
23
14.8608
33
259.0232
0
3DFACE
8
3D-COLECTOR-LOSA-SUPERIOR
10
-457.9025
20
13.2420
30
259.2500
11
-458.9023
21
13.2228
31
259.2500
12
-458.9348
22
14.9225
32
259.2500
13
-457.9350
23
14.9417
33
259.2500
0
3DFACE
8
3D-COLECTOR-MUROS
10
-457.9025
20
13.2420
30
258.4764
11
-458.9023
21
13.2228
31
258.4734
12
-458.9023
22
13.2228
32
259.2500
13
-457.9025
23
13.2420
33
259.2500
0
3DFACE
8
3D-COLECTOR-MUROS
10
-457.9350
20
14.9417
30
258.4764
11
-458.9348
21
14.9225
31
258.4734
12
-458.9348
22
14.9225
32
259.2500
13
-457.9350
23
14.9417
33
259.2500
0
3DFACE
8
3D-COLECTOR-LOSA-FONDO
10
-457.9025
20
13.2420
30
258.4764
11
-458.9023
21
13.2228
31
258.4734
12
-458.9348
22
14.9225
32
258.4734
13
-457.9350
23
14.9417
33
258.4764
0
3DFACE
8
3D-COLECTOR-INTERIOR
10
-457.9044
20
13.3420
30
258.6264
11
-458.9042
21
13.3228
31
258.6234
12
-458.9329
22
14.8225
32
258.6234
13
-457.9331
23
14.8417
33
258.6264
0
3DFACE
8
3D-COLECTOR-INTERIOR
10
-457.9044
20
13.3420
30
258.6264
11
-458.9042
21
13.3228
31
258.6234
12
-458.9042
22
13.3228
32
259.1500
13
-457.9044
23
13.3420
33
259.1500
0
3DFACE
8
3D-COLECTOR-INTERIOR
10
-457.9331
20
14.8417
30
258.6264
11
-458.9329
21
14.8225
31
258.6234
12
-458.9329
22
14.8225
32
259.1500
13
-457.9331
23
14.8417
33
259.1500
0
3DFACE
8
3D-COLECTOR-INTERIOR
10
-457.9044
20
13.3420
30
259.1500
11
-458.9042
21
13.3228
31
259.1500
12
-458.9329
22
14.8225
32
259.1500
13
-457.9331
23
14.8417
33
259.1500
0
3DFACE
8
3D-AGUA
10
-457.9044
20
13.3420
30
259.0223
11
-458.9042
21
13.3228
31
259.0214
12
-458.9329
22
14.8225
32
259.0214
13
-457.9331
23
14.8417
33
259.0223
0
3DFACE
8
3D-COLECTOR-LOSA-SUPERIOR
10
-458.9023
20
13.2228
30
259.2500
11
-459.9021
21
13.2037
31
259.2500
12
-459.9346
22
14.9034
32
259.2500
13
-458.9348
23
14.9225
33
259.2500
0
3DFACE
8
3D-COLECTOR-MUROS
10
-458.9023
20
13.2228
30
258.4734
11
-459.9021
21
13.2037
31
258.4703
12
-459.9021
22
13.2037
32
259.2500
13
-458.9023
23
13.2228
33
259.2500
0
3DFACE
8
3D-COLECTOR-MUROS
10
-458.9348
20
14.9225
30
258.4734
11
-459.9346
21
14.9034
31
258.4703
12
-459.9346
22
14.9034
32
259.2500
13
-458.9348
23
14.9225
33
259.2500
0
3DFACE
8
3D-COLECTOR-LOSA-FONDO
10
-458.9023
20
13.2228
30
258.4734
11
-459.9021
21
13.2037
31
258.4703
12
-459.9346
22
14.9034
32
258.4703
13
-458.9348
23
14.9225
33
258.4734
0
3DFACE
8
3D-COLECTOR-INTERIOR
10
-458.9042
20
13.3228
30
258.6234
11
-459.9040
21
13.3037
31
258.6203
12
-459.9327
22
14.8034
32
258.6203
13
-458.9329
23
14.8225
33
258.6234
0
3DFACE
8
3D-COLECTOR-INTERIOR
10
-458.9042
20
13.3228
30
258.6234
11
-459.9040
21
13.3037
31
258.6203
12
-459.9040
22
13.3037
32
259.1500
13
-458.9042
23
13.3228
33
259.1500
0
3DFACE
8
3D-COLECTOR-INTERIOR
10
-458.9329
20
14.8225
30
258.6234
11
-459.9327
21
14.8034
31
258.6203
12
-459.9327
22
14.8034
32
259.1500
13
-458.9329
23
14.8225
33
259.1500
0
3DFACE
8
3D-COLECTOR-INTERIOR
10
-458.9042
20
13.3228
30
259.1500
11
-459.9040
21
13.3037
31
259.1500
12
-459.9327
22
14.8034
32
259.1500
13
-458.9329
23
14.8225
33
259.1500
0
3DFACE
8
3D-AGUA
10
-458.9042
20
13.3228
30
259.0214
11
-459.9040
21
13.3037
31
259.0205
12
-459.9327
22
14.8034
32
259.0205
13
-458.9329
23
14.8225
33
259.0214
0
3DFACE
8
3D-COLECTOR-LOSA-SUPERIOR
10
-459.9021
20
13.2037
30
259.2500
11
-460.9019
21
13.1845
31
259.2500
12
-460.9345
22
14.8842
32
259.2500
13
-459.9346
23
14.9034
33
259.2500
0
3DFACE
8
3D-COLECTOR-MUROS
10
-459.9021
20
13.2037
30
258.4703
11
-460.9019
21
13.1845
31
258.4673
12
-460.9019
22
13.1845
32
259.2500
13
-459.9021
23
13.2037
33
259.2500
0
3DFACE
8
3D-COLECTOR-MUROS
10
-459.9346
20
14.9034
30
258.4703
11
-460.9345
21
14.8842
31
258.4673
12
-460.9345
22
14.8842
32
259.2500
13
-459.9346
23
14.9034
33
259.2500
0
3DFACE
8
3D-COLECTOR-LOSA-FONDO
10
-459.9021
20
13.2037
30
258.4703
11
-460.9019
21
13.1845
31
258.4673
12
-460.9345
22
14.8842
32
258.4673
13
-459.9346
23
14.9034
33
258.4703
0
3DFACE
8
3D-COLECTOR-INTERIOR
10
-459.9040
20
13.3037
30
258.6203
11
-460.9038
21
13.2845
31
258.6173
12
-460.9325
22
14.7842
32
258.6173
13
-459.9327
23
14.8034
33
258.6203
0
3DFACE
8
3D-COLECTOR-INTERIOR
10
-459.9040
20
13.3037
30
258.6203
11
-460.9038
21
13.2845
31
258.6173
12
-460.9038
22
13.2845
32
259.1500
13
-459.9040
23
13.3037
33
259.1500
0
3DFACE
8
3D-COLECTOR-INTERIOR
10
-459.9327
20
14.8034
30
258.6203
11
-460.9325
21
14.7842
31
258.6173
12
-460.9325
22
14.7842
32
259.1500
13
-459.9327
23
14.8034
33
259.1500
0
3DFACE
8
3D-COLECTOR-INTERIOR
10
-459.9040
20
13.3037
30
259.1500
11
-460.9038
21
13.2845
31
259.1500
12
-460.9325
22
14.7842
32
259.1500
13
-459.9327
23
14.8034
33
259.1500
0
3DFACE
8
3D-AGUA
10
-459.9040
20
13.3037
30
259.0205
11
-460.9038
21
13.2845
31
259.0196
12
-460.9325
22
14.7842
32
259.0196
13
-459.9327
23
14.8034
33
259.0205
0
3DFACE
8
3D-COLECTOR-LOSA-SUPERIOR
10
-460.9019
20
13.1845
30
259.2500
11
-461.9017
21
13.1654
31
259.2500
12
-461.9343
22
14.8651
32
259.2500
13
-460.9345
23
14.8842
33
259.2500
0
3DFACE
8
3D-COLECTOR-MUROS
10
-460.9019
20
13.1845
30
258.4673
11
-461.9017
21
13.1654
31
258.4643
12
-461.9017
22
13.1654
32
259.2500
13
-460.9019
23
13.1845
33
259.2500
0
3DFACE
8
3D-COLECTOR-MUROS
10
-460.9345
20
14.8842
30
258.4673
11
-461.9343
21
14.8651
31
258.4643
12
-461.9343
22
14.8651
32
259.2500
13
-460.9345
23
14.8842
33
259.2500
0
3DFACE
8
3D-COLECTOR-LOSA-FONDO
10
-460.9019
20
13.1845
30
258.4673
11
-461.9017
21
13.1654
31
258.4643
12
-461.9343
22
14.8651
32
258.4643
13
-460.9345
23
14.8842
33
258.4673
0
3DFACE
8
3D-COLECTOR-INTERIOR
10
-460.9038
20
13.2845
30
258.6173
11
-461.9036
21
13.2654
31
258.6143
12
-461.9324
22
14.7651
32
258.6143
13
-460.9325
23
14.7842
33
258.6173
0
3DFACE
8
3D-COLECTOR-INTERIOR
10
-460.9038
20
13.2845
30
258.6173
11
-461.9036
21
13.2654
31
258.6143
12
-461.9036
22
13.2654
32
259.1500
13
-460.9038
23
13.2845
33
259.1500
0
3DFACE
8
3D-COLECTOR-INTERIOR
10
-460.9325
20
14.7842
30
258.6173
11
-461.9324
21
14.7651
31
258.6143
12
-461.9324
22
14.7651
32
259.1500
13
-460.9325
23
14.7842
33
259.1500
0
3DFACE
8
3D-COLECTOR-INTERIOR
10
-460.9038
20
13.2845
30
259.1500
11
-461.9036
21
13.2654
31
259.1500
12
-461.9324
22
14.7651
32
259.1500
13
-460.9325
23
14.7842
33
259.1500
0
3DFACE
8
3D-AGUA
10
-460.9038
20
13.2845
30
259.0196
11
-461.9036
21
13.2654
31
259.0188
12
-461.9324
22
14.7651
32
259.0188
13
-460.9325
23
14.7842
33
259.0196
0
3DFACE
8
3D-COLECTOR-LOSA-SUPERIOR
10
-461.9017
20
13.1654
30
259.2500
11
-462.9015
21
13.1462
31
259.2500
12
-462.9341
22
14.8459
32
259.2500
13
-461.9343
23
14.8651
33
259.2500
0
3DFACE
8
3D-COLECTOR-MUROS
10
-461.9017
20
13.1654
30
258.4643
11
-462.9015
21
13.1462
31
258.4613
12
-462.9015
22
13.1462
32
259.2500
13
-461.9017
23
13.1654
33
259.2500
0
3DFACE
8
3D-COLECTOR-MUROS
10
-461.9343
20
14.8651
30
258.4643
11
-462.9341
21
14.8459
31
258.4613
12
-462.9341
22
14.8459
32
259.2500
13
-461.9343
23
14.8651
33
259.2500
0
3DFACE
8
3D-COLECTOR-LOSA-FONDO
10
-461.9017
20
13.1654
30
258.4643
11
-462.9015
21
13.1462
31
258.4613
12
-462.9341
22
14.8459
32
258.4613
13
-461.9343
23
14.8651
33
258.4643
0
3DFACE
8
3D-COLECTOR-INTERIOR
10
-461.9036
20
13.2654
30
258.6143
11
-462.9035
21
13.2462
31
258.6113
12
-462.9322
22
14.7459
32
258.6113
13
-461.9324
23
14.7651
33
258.6143
0
3DFACE
8
3D-COLECTOR-INTERIOR
10
-461.9036
20
13.2654
30
258.6143
11
-462.9035
21
13.2462
31
258.6113
12
-462.9035
22
13.2462
32
259.1500
13
-461.9036
23
13.2654
33
259.1500
0
3DFACE
8
3D-COLECTOR-INTERIOR
10
-461.9324
20
14.7651
30
258.6143
11
-462.9322
21
14.7459
31
258.6113
12
-462.9322
22
14.7459
32
259.1500
13
-461.9324
23
14.7651
33
259.1500
0
3DFACE
8
3D-COLECTOR-INTERIOR
10
-461.9036
20
13.2654
30
259.1500
11
-462.9035
21
13.2462
31
259.1500
12
-462.9322
22
14.7459
32
259.1500
13
-461.9324
23
14.7651
33
259.1500
0
3DFACE
8
3D-AGUA
10
-461.9036
20
13.2654
30
259.0188
11
-462.9035
21
13.2462
31
259.0180
12
-462.9322
22
14.7459
32
259.0180
13
-461.9324
23
14.7651
33
259.0188
0
3DFACE
8
3D-COLECTOR-LOSA-SUPERIOR
10
-462.9015
20
13.1462
30
259.2500
11
-463.9014
21
13.1271
31
259.2500
12
-463.9339
22
14.8268
32
259.2500
13
-462.9341
23
14.8459
33
259.2500
0
3DFACE
8
3D-COLECTOR-MUROS
10
-462.9015
20
13.1462
30
258.4613
11
-463.9014
21
13.1271
31
258.4583
12
-463.9014
22
13.1271
32
259.2500
13
-462.9015
23
13.1462
33
259.2500
0
3DFACE
8
3D-COLECTOR-MUROS
10
-462.9341
20
14.8459
30
258.4613
11
-463.9339
21
14.8268
31
258.4583
12
-463.9339
22
14.8268
32
259.2500
13
-462.9341
23
14.8459
33
259.2500
0
3DFACE
8
3D-COLECTOR-LOSA-FONDO
10
-462.9015
20
13.1462
30
258.4613
11
-463.9014
21
13.1271
31
258.4583
12
-463.9339
22
14.8268
32
258.4583
13
-462.9341
23
14.8459
33
258.4613
0
3DFACE
8
3D-COLECTOR-INTERIOR
10
-462.9035
20
13.2462
30
258.6113
11
-463.9033
21
13.2271
31
258.6083
12
-463.9320
22
14.7268
32
258.6083
13
-462.9322
23
14.7459
33
258.6113
0
3DFACE
8
3D-COLECTOR-INTERIOR
10
-462.9035
20
13.2462
30
258.6113
11
-463.9033
21
13.2271
31
258.6083
12
-463.9033
22
13.2271
32
259.1500
13
-462.9035
23
13.2462
33
259.1500
0
3DFACE
8
3D-COLECTOR-INTERIOR
10
-462.9322
20
14.7459
30
258.6113
11
-463.9320
21
14.7268
31
258.6083
12
-463.9320
22
14.7268
32
259.1500
13
-462.9322
23
14.7459
33
259.1500
0
3DFACE
8
3D-COLECTOR-INTERIOR
10
-462.9035
20
13.2462
30
259.1500
11
-463.9033
21
13.2271
31
259.1500
12
-463.9320
22
14.7268
32
259.1500
13
-462.9322
23
14.7459
33
259.1500
0
3DFACE
8
3D-AGUA
10
-462.9035
20
13.2462
30
259.0180
11
-463.9033
21
13.2271
31
259.0171
12
-463.9320
22
14.7268
32
259.0171
13
-462.9322
23
14.7459
33
259.0180
0
3DFACE
8
3D-COLECTOR-LOSA-SUPERIOR
10
-463.9014
20
13.1271
30
259.2500
11
-464.9012
21
13.1080
31
259.2500
12
-464.9337
22
14.8076
32
259.2500
13
-463.9339
23
14.8268
33
259.2500
0
3DFACE
8
3D-COLECTOR-MUROS
10
-463.9014
20
13.1271
30
258.4583
11
-464.9012
21
13.1080
31
258.4552
12
-464.9012
22
13.1080
32
259.2500
13
-463.9014
23
13.1271
33
259.2500
0
3DFACE
8
3D-COLECTOR-MUROS
10
-463.9339
20
14.8268
30
258.4583
11
-464.9337
21
14.8076
31
258.4552
12
-464.9337
22
14.8076
32
259.2500
13
-463.9339
23
14.8268
33
259.2500
0
3DFACE
8
3D-COLECTOR-LOSA-FONDO
10
-463.9014
20
13.1271
30
258.4583
11
-464.9012
21
13.1080
31
258.4552
12
-464.9337
22
14.8076
32
258.4552
13
-463.9339
23
14.8268
33
258.4583
0
3DFACE
8
3D-COLECTOR-INTERIOR
10
-463.9033
20
13.2271
30
258.6083
11
-464.9031
21
13.2079
31
258.6052
12
-464.9318
22
14.7077
32
258.6052
13
-463.9320
23
14.7268
33
258.6083
0
3DFACE
8
3D-COLECTOR-INTERIOR
10
-463.9033
20
13.2271
30
258.6083
11
-464.9031
21
13.2079
31
258.6052
12
-464.9031
22
13.2079
32
259.1500
13
-463.9033
23
13.2271
33
259.1500
0
3DFACE
8
3D-COLECTOR-INTERIOR
10
-463.9320
20
14.7268
30
258.6083
11
-464.9318
21
14.7077
31
258.6052
12
-464.9318
22
14.7077
32
259.1500
13
-463.9320
23
14.7268
33
259.1500
0
3DFACE
8
3D-COLECTOR-INTERIOR
10
-463.9033
20
13.2271
30
259.1500
11
-464.9031
21
13.2079
31
259.1500
12
-464.9318
22
14.7077
32
259.1500
13
-463.9320
23
14.7268
33
259.1500
0
3DFACE
8
3D-AGUA
10
-463.9033
20
13.2271
30
259.0171
11
-464.9031
21
13.2079
31
258.9989
12
-464.9318
22
14.7077
32
258.9989
13
-463.9320
23
14.7268
33
259.0171
0
3DFACE
8
3D-COLECTOR-LOSA-SUPERIOR
10
-464.9012
20
13.1080
30
259.2500
11
-465.9010
21
13.0888
31
259.2500
12
-465.9335
22
14.7885
32
259.2500
13
-464.9337
23
14.8076
33
259.2500
0
3DFACE
8
3D-COLECTOR-MUROS
10
-464.9012
20
13.1080
30
258.4552
11
-465.9010
21
13.0888
31
258.4522
12
-465.9010
22
13.0888
32
259.2500
13
-464.9012
23
13.1080
33
259.2500
0
3DFACE
8
3D-COLECTOR-MUROS
10
-464.9337
20
14.8076
30
258.4552
11
-465.9335
21
14.7885
31
258.4522
12
-465.9335
22
14.7885
32
259.2500
13
-464.9337
23
14.8076
33
259.2500
0
3DFACE
8
3D-COLECTOR-LOSA-FONDO
10
-464.9012
20
13.1080
30
258.4552
11
-465.9010
21
13.0888
31
258.4522
12
-465.9335
22
14.7885
32
258.4522
13
-464.9337
23
14.8076
33
258.4552
0
3DFACE
8
3D-COLECTOR-INTERIOR
10
-464.9031
20
13.2079
30
258.6052
11
-465.9029
21
13.1888
31
258.6022
12
-465.9316
22
14.6885
32
258.6022
13
-464.9318
23
14.7077
33
258.6052
0
3DFACE
8
3D-COLECTOR-INTERIOR
10
-464.9031
20
13.2079
30
258.6052
11
-465.9029
21
13.1888
31
258.6022
12
-465.9029
22
13.1888
32
259.1500
13
-464.9031
23
13.2079
33
259.1500
0
3DFACE
8
3D-COLECTOR-INTERIOR
10
-464.9318
20
14.7077
30
258.6052
11
-465.9316
21
14.6885
31
258.6022
12
-465.9316
22
14.6885
32
259.1500
13
-464.9318
23
14.7077
33
259.1500
0
3DFACE
8
3D-COLECTOR-INTERIOR
10
-464.9031
20
13.2079
30
259.1500
11
-465.9029
21
13.1888
31
259.1500
12
-465.9316
22
14.6885
32
259.1500
13
-464.9318
23
14.7077
33
259.1500
0
3DFACE
8
3D-AGUA
10
-464.9031
20
13.2079
30
258.9989
11
-465.9029
21
13.1888
31
258.9977
12
-465.9316
22
14.6885
32
258.9977
13
-464.9318
23
14.7077
33
258.9989
0
3DFACE
8
3D-COLECTOR-LOSA-SUPERIOR
10
-465.9010
20
13.0888
30
259.2500
11
-466.9008
21
13.0697
31
259.2500
12
-466.9334
22
14.7693
32
259.2500
13
-465.9335
23
14.7885
33
259.2500
0
3DFACE
8
3D-COLECTOR-MUROS
10
-465.9010
20
13.0888
30
258.4522
11
-466.9008
21
13.0697
31
258.4492
12
-466.9008
22
13.0697
32
259.2500
13
-465.9010
23
13.0888
33
259.2500
0
3DFACE
8
3D-COLECTOR-MUROS
10
-465.9335
20
14.7885
30
258.4522
11
-466.9334
21
14.7693
31
258.4492
12
-466.9334
22
14.7693
32
259.2500
13
-465.9335
23
14.7885
33
259.2500
0
3DFACE
8
3D-COLECTOR-LOSA-FONDO
10
-465.9010
20
13.0888
30
258.4522
11
-466.9008
21
13.0697
31
258.4492
12
-466.9334
22
14.7693
32
258.4492
13
-465.9335
23
14.7885
33
258.4522
0
3DFACE
8
3D-COLECTOR-INTERIOR
10
-465.9029
20
13.1888
30
258.6022
11
-466.9027
21
13.1696
31
258.5992
12
-466.9314
22
14.6694
32
258.5992
13
-465.9316
23
14.6885
33
258.6022
0
3DFACE
8
3D-COLECTOR-INTERIOR
10
-465.9029
20
13.1888
30
258.6022
11
-466.9027
21
13.1696
31
258.5992
12
-466.9027
22
13.1696
32
259.1500
13
-465.9029
23
13.1888
33
259.1500
0
3DFACE
8
3D-COLECTOR-INTERIOR
10
-465.9316
20
14.6885
30
258.6022
11
-466.9314
21
14.6694
31
258.5992
12
-466.9314
22
14.6694
32
259.1500
13
-465.9316
23
14.6885
33
259.1500
0
3DFACE
8
3D-COLECTOR-INTERIOR
10
-465.9029
20
13.1888
30
259.1500
11
-466.9027
21
13.1696
31
259.1500
12
-466.9314
22
14.6694
32
259.1500
13
-465.9316
23
14.6885
33
259.1500
0
3DFACE
8
3D-AGUA
10
-465.9029
20
13.1888
30
258.9977
11
-466.9027
21
13.1696
31
258.9965
12
-466.9314
22
14.6694
32
258.9965
13
-465.9316
23
14.6885
33
258.9977
0
3DFACE
8
3D-COLECTOR-LOSA-SUPERIOR
10
-466.9008
20
13.0697
30
259.2500
11
-467.9006
21
13.0505
31
259.2500
12
-467.9332
22
14.7502
32
259.2500
13
-466.9334
23
14.7693
33
259.2500
0
3DFACE
8
3D-COLECTOR-MUROS
10
-466.9008
20
13.0697
30
258.4492
11
-467.9006
21
13.0505
31
258.4462
12
-467.9006
22
13.0505
32
259.2500
13
-466.9008
23
13.0697
33
259.2500
0
3DFACE
8
3D-COLECTOR-MUROS
10
-466.9334
20
14.7693
30
258.4492
11
-467.9332
21
14.7502
31
258.4462
12
-467.9332
22
14.7502
32
259.2500
13
-466.9334
23
14.7693
33
259.2500
0
3DFACE
8
3D-COLECTOR-LOSA-FONDO
10
-466.9008
20
13.0697
30
258.4492
11
-467.9006
21
13.0505
31
258.4462
12
-467.9332
22
14.7502
32
258.4462
13
-466.9334
23
14.7693
33
258.4492
0
3DFACE
8
3D-COLECTOR-INTERIOR
10
-466.9027
20
13.1696
30
258.5992
11
-467.9025
21
13.1505
31
258.5962
12
-467.9313
22
14.6502
32
258.5962
13
-466.9314
23
14.6694
33
258.5992
0
3DFACE
8
3D-COLECTOR-INTERIOR
10
-466.9027
20
13.1696
30
258.5992
11
-467.9025
21
13.1505
31
258.5962
12
-467.9025
22
13.1505
32
259.1500
13
-466.9027
23
13.1696
33
259.1500
0
3DFACE
8
3D-COLECTOR-INTERIOR
10
-466.9314
20
14.6694
30
258.5992
11
-467.9313
21
14.6502
31
258.5962
12
-467.9313
22
14.6502
32
259.1500
13
-466.9314
23
14.6694
33
259.1500
0
3DFACE
8
3D-COLECTOR-INTERIOR
10
-466.9027
20
13.1696
30
259.1500
11
-467.9025
21
13.1505
31
259.1500
12
-467.9313
22
14.6502
32
259.1500
13
-466.9314
23
14.6694
33
259.1500
0
3DFACE
8
3D-AGUA
10
-466.9027
20
13.1696
30
258.9965
11
-467.9025
21
13.1505
31
258.9953
12
-467.9313
22
14.6502
32
258.9953
13
-466.9314
23
14.6694
33
258.9965
0
3DFACE
8
3D-COLECTOR-LOSA-SUPERIOR
10
-467.9006
20
13.0505
30
259.2500
11
-468.9004
21
13.0314
31
259.2500
12
-468.9330
22
14.7311
32
259.2500
13
-467.9332
23
14.7502
33
259.2500
0
3DFACE
8
3D-COLECTOR-MUROS
10
-467.9006
20
13.0505
30
258.4462
11
-468.9004
21
13.0314
31
258.4432
12
-468.9004
22
13.0314
32
259.2500
13
-467.9006
23
13.0505
33
259.2500
0
3DFACE
8
3D-COLECTOR-MUROS
10
-467.9332
20
14.7502
30
258.4462
11
-468.9330
21
14.7311
31
258.4432
12
-468.9330
22
14.7311
32
259.2500
13
-467.9332
23
14.7502
33
259.2500
0
3DFACE
8
3D-COLECTOR-LOSA-FONDO
10
-467.9006
20
13.0505
30
258.4462
11
-468.9004
21
13.0314
31
258.4432
12
-468.9330
22
14.7311
32
258.4432
13
-467.9332
23
14.7502
33
258.4462
0
3DFACE
8
3D-COLECTOR-INTERIOR
10
-467.9025
20
13.1505
30
258.5962
11
-468.9024
21
13.1314
31
258.5932
12
-468.9311
22
14.6311
32
258.5932
13
-467.9313
23
14.6502
33
258.5962
0
3DFACE
8
3D-COLECTOR-INTERIOR
10
-467.9025
20
13.1505
30
258.5962
11
-468.9024
21
13.1314
31
258.5932
12
-468.9024
22
13.1314
32
259.1500
13
-467.9025
23
13.1505
33
259.1500
0
3DFACE
8
3D-COLECTOR-INTERIOR
10
-467.9313
20
14.6502
30
258.5962
11
-468.9311
21
14.6311
31
258.5932
12
-468.9311
22
14.6311
32
259.1500
13
-467.9313
23
14.6502
33
259.1500
0
3DFACE
8
3D-COLECTOR-INTERIOR
10
-467.9025
20
13.1505
30
259.1500
11
-468.9024
21
13.1314
31
259.1500
12
-468.9311
22
14.6311
32
259.1500
13
-467.9313
23
14.6502
33
259.1500
0
3DFACE
8
3D-AGUA
10
-467.9025
20
13.1505
30
258.9953
11
-468.9024
21
13.1314
31
258.9941
12
-468.9311
22
14.6311
32
258.9941
13
-467.9313
23
14.6502
33
258.9953
0
3DFACE
8
3D-COLECTOR-LOSA-SUPERIOR
10
-468.9004
20
13.0314
30
259.2500
11
-469.9003
21
13.0122
31
259.2500
12
-469.9328
22
14.7119
32
259.2500
13
-468.9330
23
14.7311
33
259.2500
0
3DFACE
8
3D-COLECTOR-MUROS
10
-468.9004
20
13.0314
30
258.4432
11
-469.9003
21
13.0122
31
258.4402
12
-469.9003
22
13.0122
32
259.2500
13
-468.9004
23
13.0314
33
259.2500
0
3DFACE
8
3D-COLECTOR-MUROS
10
-468.9330
20
14.7311
30
258.4432
11
-469.9328
21
14.7119
31
258.4402
12
-469.9328
22
14.7119
32
259.2500
13
-468.9330
23
14.7311
33
259.2500
0
3DFACE
8
3D-COLECTOR-LOSA-FONDO
10
-468.9004
20
13.0314
30
258.4432
11
-469.9003
21
13.0122
31
258.4402
12
-469.9328
22
14.7119
32
258.4402
13
-468.9330
23
14.7311
33
258.4432
0
3DFACE
8
3D-COLECTOR-INTERIOR
10
-468.9024
20
13.1314
30
258.5932
11
-469.9022
21
13.1122
31
258.5902
12
-469.9309
22
14.6119
32
258.5902
13
-468.9311
23
14.6311
33
258.5932
0
3DFACE
8
3D-COLECTOR-INTERIOR
10
-468.9024
20
13.1314
30
258.5932
11
-469.9022
21
13.1122
31
258.5902
12
-469.9022
22
13.1122
32
259.1500
13
-468.9024
23
13.1314
33
259.1500
0
3DFACE
8
3D-COLECTOR-INTERIOR
10
-468.9311
20
14.6311
30
258.5932
11
-469.9309
21
14.6119
31
258.5902
12
-469.9309
22
14.6119
32
259.1500
13
-468.9311
23
14.6311
33
259.1500
0
3DFACE
8
3D-COLECTOR-INTERIOR
10
-468.9024
20
13.1314
30
259.1500
11
-469.9022
21
13.1122
31
259.1500
12
-469.9309
22
14.6119
32
259.1500
13
-468.9311
23
14.6311
33
259.1500
0
3DFACE
8
3D-AGUA
10
-468.9024
20
13.1314
30
258.9941
11
-469.9022
21
13.1122
31
258.9930
12
-469.9309
22
14.6119
32
258.9930
13
-468.9311
23
14.6311
33
258.9941
0
3DFACE
8
3D-COLECTOR-LOSA-SUPERIOR
10
-469.9003
20
13.0122
30
259.2500
11
-470.9001
21
12.9931
31
259.2500
12
-470.9326
22
14.6928
32
259.2500
13
-469.9328
23
14.7119
33
259.2500
0
3DFACE
8
3D-COLECTOR-MUROS
10
-469.9003
20
13.0122
30
258.4402
11
-470.9001
21
12.9931
31
258.4371
12
-470.9001
22
12.9931
32
259.2500
13
-469.9003
23
13.0122
33
259.2500
0
3DFACE
8
3D-COLECTOR-MUROS
10
-469.9328
20
14.7119
30
258.4402
11
-470.9326
21
14.6928
31
258.4371
12
-470.9326
22
14.6928
32
259.2500
13
-469.9328
23
14.7119
33
259.2500
0
3DFACE
8
3D-COLECTOR-LOSA-FONDO
10
-469.9003
20
13.0122
30
258.4402
11
-470.9001
21
12.9931
31
258.4371
12
-470.9326
22
14.6928
32
258.4371
13
-469.9328
23
14.7119
33
258.4402
0
3DFACE
8
3D-COLECTOR-INTERIOR
10
-469.9022
20
13.1122
30
258.5902
11
-470.9020
21
13.0931
31
258.5871
12
-470.9307
22
14.5928
32
258.5871
13
-469.9309
23
14.6119
33
258.5902
0
3DFACE
8
3D-COLECTOR-INTERIOR
10
-469.9022
20
13.1122
30
258.5902
11
-470.9020
21
13.0931
31
258.5871
12
-470.9020
22
13.0931
32
259.1500
13
-469.9022
23
13.1122
33
259.1500
0
3DFACE
8
3D-COLECTOR-INTERIOR
10
-469.9309
20
14.6119
30
258.5902
11
-470.9307
21
14.5928
31
258.5871
12
-470.9307
22
14.5928
32
259.1500
13
-469.9309
23
14.6119
33
259.1500
0
3DFACE
8
3D-COLECTOR-INTERIOR
10
-469.9022
20
13.1122
30
259.1500
11
-470.9020
21
13.0931
31
259.1500
12
-470.9307
22
14.5928
32
259.1500
13
-469.9309
23
14.6119
33
259.1500
0
3DFACE
8
3D-AGUA
10
-469.9022
20
13.1122
30
258.9930
11
-470.9020
21
13.0931
31
258.9919
12
-470.9307
22
14.5928
32
258.9919
13
-469.9309
23
14.6119
33
258.9930
0
3DFACE
8
3D-COLECTOR-LOSA-SUPERIOR
10
-470.9001
20
12.9931
30
259.2500
11
-471.8999
21
12.9739
31
259.2500
12
-471.9324
22
14.6736
32
259.2500
13
-470.9326
23
14.6928
33
259.2500
0
3DFACE
8
3D-COLECTOR-MUROS
10
-470.9001
20
12.9931
30
258.4371
11
-471.8999
21
12.9739
31
258.4341
12
-471.8999
22
12.9739
32
259.2500
13
-470.9001
23
12.9931
33
259.2500
0
3DFACE
8
3D-COLECTOR-MUROS
10
-470.9326
20
14.6928
30
258.4371
11
-471.9324
21
14.6736
31
258.4341
12
-471.9324
22
14.6736
32
259.2500
13
-470.9326
23
14.6928
33
259.2500
0
3DFACE
8
3D-COLECTOR-LOSA-FONDO
10
-470.9001
20
12.9931
30
258.4371
11
-471.8999
21
12.9739
31
258.4341
12
-471.9324
22
14.6736
32
258.4341
13
-470.9326
23
14.6928
33
258.4371
0
3DFACE
8
3D-COLECTOR-INTERIOR
10
-470.9020
20
13.0931
30
258.5871
11
-471.9018
21
13.0739
31
258.5841
12
-471.9305
22
14.5736
32
258.5841
13
-470.9307
23
14.5928
33
258.5871
0
3DFACE
8
3D-COLECTOR-INTERIOR
10
-470.9020
20
13.0931
30
258.5871
11
-471.9018
21
13.0739
31
258.5841
12
-471.9018
22
13.0739
32
259.1500
13
-470.9020
23
13.0931
33
259.1500
0
3DFACE
8
3D-COLECTOR-INTERIOR
10
-470.9307
20
14.5928
30
258.5871
11
-471.9305
21
14.5736
31
258.5841
12
-471.9305
22
14.5736
32
259.1500
13
-470.9307
23
14.5928
33
259.1500
0
3DFACE
8
3D-COLECTOR-INTERIOR
10
-470.9020
20
13.0931
30
259.1500
11
-471.9018
21
13.0739
31
259.1500
12
-471.9305
22
14.5736
32
259.1500
13
-470.9307
23
14.5928
33
259.1500
0
3DFACE
8
3D-AGUA
10
-470.9020
20
13.0931
30
258.9919
11
-471.9018
21
13.0739
31
258.9908
12
-471.9305
22
14.5736
32
258.9908
13
-470.9307
23
14.5928
33
258.9919
0
3DFACE
8
3D-COLECTOR-LOSA-SUPERIOR
10
-471.8999
20
12.9739
30
259.2500
11
-472.8997
21
12.9548
31
259.2500
12
-472.9323
22
14.6545
32
259.2500
13
-471.9324
23
14.6736
33
259.2500
0
3DFACE
8
3D-COLECTOR-MUROS
10
-471.8999
20
12.9739
30
258.4341
11
-472.8997
21
12.9548
31
258.4311
12
-472.8997
22
12.9548
32
259.2500
13
-471.8999
23
12.9739
33
259.2500
0
3DFACE
8
3D-COLECTOR-MUROS
10
-471.9324
20
14.6736
30
258.4341
11
-472.9323
21
14.6545
31
258.4311
12
-472.9323
22
14.6545
32
259.2500
13
-471.9324
23
14.6736
33
259.2500
0
3DFACE
8
3D-COLECTOR-LOSA-FONDO
10
-471.8999
20
12.9739
30
258.4341
11
-472.8997
21
12.9548
31
258.4311
12
-472.9323
22
14.6545
32
258.4311
13
-471.9324
23
14.6736
33
258.4341
0
3DFACE
8
3D-COLECTOR-INTERIOR
10
-471.9018
20
13.0739
30
258.5841
11
-472.9016
21
13.0548
31
258.5811
12
-472.9303
22
14.5545
32
258.5811
13
-471.9305
23
14.5736
33
258.5841
0
3DFACE
8
3D-COLECTOR-INTERIOR
10
-471.9018
20
13.0739
30
258.5841
11
-472.9016
21
13.0548
31
258.5811
12
-472.9016
22
13.0548
32
259.1500
13
-471.9018
23
13.0739
33
259.1500
0
3DFACE
8
3D-COLECTOR-INTERIOR
10
-471.9305
20
14.5736
30
258.5841
11
-472.9303
21
14.5545
31
258.5811
12
-472.9303
22
14.5545
32
259.1500
13
-471.9305
23
14.5736
33
259.1500
0
3DFACE
8
3D-COLECTOR-INTERIOR
10
-471.9018
20
13.0739
30
259.1500
11
-472.9016
21
13.0548
31
259.1500
12
-472.9303
22
14.5545
32
259.1500
13
-471.9305
23
14.5736
33
259.1500
0
3DFACE
8
3D-AGUA
10
-471.9018
20
13.0739
30
258.9908
11
-472.9016
21
13.0548
31
258.9897
12
-472.9303
22
14.5545
32
258.9897
13
-471.9305
23
14.5736
33
258.9908
0
3DFACE
8
3D-COLECTOR-LOSA-SUPERIOR
10
-472.8997
20
12.9548
30
259.2500
11
-473.8995
21
12.9356
31
259.2500
12
-473.9321
22
14.6353
32
259.2500
13
-472.9323
23
14.6545
33
259.2500
0
3DFACE
8
3D-COLECTOR-MUROS
10
-472.8997
20
12.9548
30
258.4311
11
-473.8995
21
12.9356
31
258.4281
12
-473.8995
22
12.9356
32
259.2500
13
-472.8997
23
12.9548
33
259.2500
0
3DFACE
8
3D-COLECTOR-MUROS
10
-472.9323
20
14.6545
30
258.4311
11
-473.9321
21
14.6353
31
258.4281
12
-473.9321
22
14.6353
32
259.2500
13
-472.9323
23
14.6545
33
259.2500
0
3DFACE
8
3D-COLECTOR-LOSA-FONDO
10
-472.8997
20
12.9548
30
258.4311
11
-473.8995
21
12.9356
31
258.4281
12
-473.9321
22
14.6353
32
258.4281
13
-472.9323
23
14.6545
33
258.4311
0
3DFACE
8
3D-COLECTOR-INTERIOR
10
-472.9016
20
13.0548
30
258.5811
11
-473.9014
21
13.0356
31
258.5781
12
-473.9302
22
14.5353
32
258.5781
13
-472.9303
23
14.5545
33
258.5811
0
3DFACE
8
3D-COLECTOR-INTERIOR
10
-472.9016
20
13.0548
30
258.5811
11
-473.9014
21
13.0356
31
258.5781
12
-473.9014
22
13.0356
32
259.1500
13
-472.9016
23
13.0548
33
259.1500
0
3DFACE
8
3D-COLECTOR-INTERIOR
10
-472.9303
20
14.5545
30
258.5811
11
-473.9302
21
14.5353
31
258.5781
12
-473.9302
22
14.5353
32
259.1500
13
-472.9303
23
14.5545
33
259.1500
0
3DFACE
8
3D-COLECTOR-INTERIOR
10
-472.9016
20
13.0548
30
259.1500
11
-473.9014
21
13.0356
31
259.1500
12
-473.9302
22
14.5353
32
259.1500
13
-472.9303
23
14.5545
33
259.1500
0
3DFACE
8
3D-AGUA
10
-472.9016
20
13.0548
30
258.9897
11
-473.9014
21
13.0356
31
258.9886
12
-473.9302
22
14.5353
32
258.9886
13
-472.9303
23
14.5545
33
258.9897
0
3DFACE
8
3D-COLECTOR-LOSA-SUPERIOR
10
-473.8995
20
12.9356
30
259.2500
11
-474.8994
21
12.9165
31
259.2500
12
-474.9319
22
14.6162
32
259.2500
13
-473.9321
23
14.6353
33
259.2500
0
3DFACE
8
3D-COLECTOR-MUROS
10
-473.8995
20
12.9356
30
258.4281
11
-474.8994
21
12.9165
31
258.4251
12
-474.8994
22
12.9165
32
259.2500
13
-473.8995
23
12.9356
33
259.2500
0
3DFACE
8
3D-COLECTOR-MUROS
10
-473.9321
20
14.6353
30
258.4281
11
-474.9319
21
14.6162
31
258.4251
12
-474.9319
22
14.6162
32
259.2500
13
-473.9321
23
14.6353
33
259.2500
0
3DFACE
8
3D-COLECTOR-LOSA-FONDO
10
-473.8995
20
12.9356
30
258.4281
11
-474.8994
21
12.9165
31
258.4251
12
-474.9319
22
14.6162
32
258.4251
13
-473.9321
23
14.6353
33
258.4281
0
3DFACE
8
3D-COLECTOR-INTERIOR
10
-473.9014
20
13.0356
30
258.5781
11
-474.9013
21
13.0165
31
258.5751
12
-474.9300
22
14.5162
32
258.5751
13
-473.9302
23
14.5353
33
258.5781
0
3DFACE
8
3D-COLECTOR-INTERIOR
10
-473.9014
20
13.0356
30
258.5781
11
-474.9013
21
13.0165
31
258.5751
12
-474.9013
22
13.0165
32
259.1500
13
-473.9014
23
13.0356
33
259.1500
0
3DFACE
8
3D-COLECTOR-INTERIOR
10
-473.9302
20
14.5353
30
258.5781
11
-474.9300
21
14.5162
31
258.5751
12
-474.9300
22
14.5162
32
259.1500
13
-473.9302
23
14.5353
33
259.1500
0
3DFACE
8
3D-COLECTOR-INTERIOR
10
-473.9014
20
13.0356
30
259.1500
11
-474.9013
21
13.0165
31
259.1500
12
-474.9300
22
14.5162
32
259.1500
13
-473.9302
23
14.5353
33
259.1500
0
3DFACE
8
3D-AGUA
10
-473.9014
20
13.0356
30
258.9886
11
-474.9013
21
13.0165
31
258.9876
12
-474.9300
22
14.5162
32
258.9876
13
-473.9302
23
14.5353
33
258.9886
0
3DFACE
8
3D-COLECTOR-LOSA-SUPERIOR
10
-474.8994
20
12.9165
30
259.2500
11
-475.8992
21
12.8974
31
259.2500
12
-475.9317
22
14.5970
32
259.2500
13
-474.9319
23
14.6162
33
259.2500
0
3DFACE
8
3D-COLECTOR-MUROS
10
-474.8994
20
12.9165
30
258.4251
11
-475.8992
21
12.8974
31
258.4220
12
-475.8992
22
12.8974
32
259.2500
13
-474.8994
23
12.9165
33
259.2500
0
3DFACE
8
3D-COLECTOR-MUROS
10
-474.9319
20
14.6162
30
258.4251
11
-475.9317
21
14.5970
31
258.4220
12
-475.9317
22
14.5970
32
259.2500
13
-474.9319
23
14.6162
33
259.2500
0
3DFACE
8
3D-COLECTOR-LOSA-FONDO
10
-474.8994
20
12.9165
30
258.4251
11
-475.8992
21
12.8974
31
258.4220
12
-475.9317
22
14.5970
32
258.4220
13
-474.9319
23
14.6162
33
258.4251
0
3DFACE
8
3D-COLECTOR-INTERIOR
10
-474.9013
20
13.0165
30
258.5751
11
-475.9011
21
12.9973
31
258.5720
12
-475.9298
22
14.4971
32
258.5720
13
-474.9300
23
14.5162
33
258.5751
0
3DFACE
8
3D-COLECTOR-INTERIOR
10
-474.9013
20
13.0165
30
258.5751
11
-475.9011
21
12.9973
31
258.5720
12
-475.9011
22
12.9973
32
259.1500
13
-474.9013
23
13.0165
33
259.1500
0
3DFACE
8
3D-COLECTOR-INTERIOR
10
-474.9300
20
14.5162
30
258.5751
11
-475.9298
21
14.4971
31
258.5720
12
-475.9298
22
14.4971
32
259.1500
13
-474.9300
23
14.5162
33
259.1500
0
3DFACE
8
3D-COLECTOR-INTERIOR
10
-474.9013
20
13.0165
30
259.1500
11
-475.9011
21
12.9973
31
259.1500
12
-475.9298
22
14.4971
32
259.1500
13
-474.9300
23
14.5162
33
259.1500
0
3DFACE
8
3D-AGUA
10
-474.9013
20
13.0165
30
258.9876
11
-475.9011
21
12.9973
31
258.9866
12
-475.9298
22
14.4971
32
258.9866
13
-474.9300
23
14.5162
33
258.9876
0
3DFACE
8
3D-COLECTOR-LOSA-SUPERIOR
10
-475.8992
20
12.8974
30
259.2500
11
-476.8990
21
12.8782
31
259.2500
12
-476.9315
22
14.5779
32
259.2500
13
-475.9317
23
14.5970
33
259.2500
0
3DFACE
8
3D-COLECTOR-MUROS
10
-475.8992
20
12.8974
30
258.4220
11
-476.8990
21
12.8782
31
258.4190
12
-476.8990
22
12.8782
32
259.2500
13
-475.8992
23
12.8974
33
259.2500
0
3DFACE
8
3D-COLECTOR-MUROS
10
-475.9317
20
14.5970
30
258.4220
11
-476.9315
21
14.5779
31
258.4190
12
-476.9315
22
14.5779
32
259.2500
13
-475.9317
23
14.5970
33
259.2500
0
3DFACE
8
3D-COLECTOR-LOSA-FONDO
10
-475.8992
20
12.8974
30
258.4220
11
-476.8990
21
12.8782
31
258.4190
12
-476.9315
22
14.5779
32
258.4190
13
-475.9317
23
14.5970
33
258.4220
0
3DFACE
8
3D-COLECTOR-INTERIOR
10
-475.9011
20
12.9973
30
258.5720
11
-476.9009
21
12.9782
31
258.5690
12
-476.9296
22
14.4779
32
258.5690
13
-475.9298
23
14.4971
33
258.5720
0
3DFACE
8
3D-COLECTOR-INTERIOR
10
-475.9011
20
12.9973
30
258.5720
11
-476.9009
21
12.9782
31
258.5690
12
-476.9009
22
12.9782
32
259.1500
13
-475.9011
23
12.9973
33
259.1500
0
3DFACE
8
3D-COLECTOR-INTERIOR
10
-475.9298
20
14.4971
30
258.5720
11
-476.9296
21
14.4779
31
258.5690
12
-476.9296
22
14.4779
32
259.1500
13
-475.9298
23
14.4971
33
259.1500
0
3DFACE
8
3D-COLECTOR-INTERIOR
10
-475.9011
20
12.9973
30
259.1500
11
-476.9009
21
12.9782
31
259.1500
12
-476.9296
22
14.4779
32
259.1500
13
-475.9298
23
14.4971
33
259.1500
0
3DFACE
8
3D-AGUA
10
-475.9011
20
12.9973
30
258.9866
11
-476.9009
21
12.9782
31
258.9647
12
-476.9296
22
14.4779
32
258.9647
13
-475.9298
23
14.4971
33
258.9866
0
3DFACE
8
3D-COLECTOR-LOSA-SUPERIOR
10
-476.8990
20
12.8782
30
259.2500
11
-477.6717
21
12.8634
31
259.2500
12
-477.7042
22
14.5631
32
259.2500
13
-476.9315
23
14.5779
33
259.2500
0
3DFACE
8
3D-COLECTOR-MUROS
10
-476.8990
20
12.8782
30
258.4190
11
-477.6717
21
12.8634
31
258.4167
12
-477.6717
22
12.8634
32
259.2500
13
-476.8990
23
12.8782
33
259.2500
0
3DFACE
8
3D-COLECTOR-MUROS
10
-476.9315
20
14.5779
30
258.4190
11
-477.7042
21
14.5631
31
258.4167
12
-477.7042
22
14.5631
32
259.2500
13
-476.9315
23
14.5779
33
259.2500
0
3DFACE
8
3D-COLECTOR-LOSA-FONDO
10
-476.8990
20
12.8782
30
258.4190
11
-477.6717
21
12.8634
31
258.4167
12
-477.7042
22
14.5631
32
258.4167
13
-476.9315
23
14.5779
33
258.4190
0
3DFACE
8
3D-COLECTOR-INTERIOR
10
-476.9009
20
12.9782
30
258.5690
11
-477.6736
21
12.9634
31
258.5667
12
-477.7023
22
14.4631
32
258.5667
13
-476.9296
23
14.4779
33
258.5690
0
3DFACE
8
3D-COLECTOR-INTERIOR
10
-476.9009
20
12.9782
30
258.5690
11
-477.6736
21
12.9634
31
258.5667
12
-477.6736
22
12.9634
32
259.1500
13
-476.9009
23
12.9782
33
259.1500
0
3DFACE
8
3D-COLECTOR-INTERIOR
10
-476.9296
20
14.4779
30
258.5690
11
-477.7023
21
14.4631
31
258.5667
12
-477.7023
22
14.4631
32
259.1500
13
-476.9296
23
14.4779
33
259.1500
0
3DFACE
8
3D-COLECTOR-INTERIOR
10
-476.9009
20
12.9782
30
259.1500
11
-477.6736
21
12.9634
31
259.1500
12
-477.7023
22
14.4631
32
259.1500
13
-476.9296
23
14.4779
33
259.1500
0
3DFACE
8
3D-AGUA
10
-476.9009
20
12.9782
30
258.9647
11
-477.6736
21
12.9634
31
258.9635
12
-477.7023
22
14.4631
32
258.9635
13
-476.9296
23
14.4779
33
258.9647
0
3DFACE
8
3D-COLECTOR-LOSA-SUPERIOR
10
-477.6717
20
12.8634
30
259.2500
11
-477.9414
21
12.8707
31
259.2500
12
-477.8887
22
14.5699
32
259.2500
13
-477.7042
23
14.5631
33
259.2500
0
3DFACE
8
3D-COLECTOR-MUROS
10
-477.6717
20
12.8634
30
258.4167
11
-477.9414
21
12.8707
31
258.4160
12
-477.9414
22
12.8707
32
259.2500
13
-477.6717
23
12.8634
33
259.2500
0
3DFACE
8
3D-COLECTOR-MUROS
10
-477.7042
20
14.5631
30
258.4167
11
-477.8887
21
14.5699
31
258.4160
12
-477.8887
22
14.5699
32
259.2500
13
-477.7042
23
14.5631
33
259.2500
0
3DFACE
8
3D-COLECTOR-LOSA-FONDO
10
-477.6717
20
12.8634
30
258.4167
11
-477.9414
21
12.8707
31
258.4160
12
-477.8887
22
14.5699
32
258.4160
13
-477.7042
23
14.5631
33
258.4167
0
3DFACE
8
3D-COLECTOR-INTERIOR
10
-477.6736
20
12.9634
30
258.5667
11
-477.9383
21
12.9707
31
258.5660
12
-477.8918
22
14.4699
32
258.5660
13
-477.7023
23
14.4631
33
258.5667
0
3DFACE
8
3D-COLECTOR-INTERIOR
10
-477.6736
20
12.9634
30
258.5667
11
-477.9383
21
12.9707
31
258.5660
12
-477.9383
22
12.9707
32
259.1500
13
-477.6736
23
12.9634
33
259.1500
0
3DFACE
8
3D-COLECTOR-INTERIOR
10
-477.7023
20
14.4631
30
258.5667
11
-477.8918
21
14.4699
31
258.5660
12
-477.8918
22
14.4699
32
259.1500
13
-477.7023
23
14.4631
33
259.1500
0
3DFACE
8
3D-COLECTOR-INTERIOR
10
-477.6736
20
12.9634
30
259.1500
11
-477.9383
21
12.9707
31
259.1500
12
-477.8918
22
14.4699
32
259.1500
13
-477.7023
23
14.4631
33
259.1500
0
3DFACE
8
3D-AGUA
10
-477.6736
20
12.9634
30
258.9635
11
-477.9383
21
12.9707
31
258.9631
12
-477.8918
22
14.4699
32
258.9631
13
-477.7023
23
14.4631
33
258.9635
0
3DFACE
8
3D-COLECTOR-LOSA-SUPERIOR
10
-477.9414
20
12.8707
30
259.2500
11
-478.9409
21
12.9017
31
259.2500
12
-478.8882
22
14.6009
32
259.2500
13
-477.8887
23
14.5699
33
259.2500
0
3DFACE
8
3D-COLECTOR-MUROS
10
-477.9414
20
12.8707
30
258.4160
11
-478.9409
21
12.9017
31
258.4130
12
-478.9409
22
12.9017
32
259.2500
13
-477.9414
23
12.8707
33
259.2500
0
3DFACE
8
3D-COLECTOR-MUROS
10
-477.8887
20
14.5699
30
258.4160
11
-478.8882
21
14.6009
31
258.4130
12
-478.8882
22
14.6009
32
259.2500
13
-477.8887
23
14.5699
33
259.2500
0
3DFACE
8
3D-COLECTOR-LOSA-FONDO
10
-477.9414
20
12.8707
30
258.4160
11
-478.9409
21
12.9017
31
258.4130
12
-478.8882
22
14.6009
32
258.4130
13
-477.8887
23
14.5699
33
258.4160
0
3DFACE
8
3D-COLECTOR-INTERIOR
10
-477.9383
20
12.9707
30
258.5660
11
-478.9378
21
13.0016
31
258.5630
12
-478.8913
22
14.5009
32
258.5630
13
-477.8918
23
14.4699
33
258.5660
0
3DFACE
8
3D-COLECTOR-INTERIOR
10
-477.9383
20
12.9707
30
258.5660
11
-478.9378
21
13.0016
31
258.5630
12
-478.9378
22
13.0016
32
259.1500
13
-477.9383
23
12.9707
33
259.1500
0
3DFACE
8
3D-COLECTOR-INTERIOR
10
-477.8918
20
14.4699
30
258.5660
11
-478.8913
21
14.5009
31
258.5630
12
-478.8913
22
14.5009
32
259.1500
13
-477.8918
23
14.4699
33
259.1500
0
3DFACE
8
3D-COLECTOR-INTERIOR
10
-477.9383
20
12.9707
30
259.1500
11
-478.9378
21
13.0016
31
259.1500
12
-478.8913
22
14.5009
32
259.1500
13
-477.8918
23
14.4699
33
259.1500
0
3DFACE
8
3D-AGUA
10
-477.9383
20
12.9707
30
258.9631
11
-478.9378
21
13.0016
31
258.9615
12
-478.8913
22
14.5009
32
258.9615
13
-477.8918
23
14.4699
33
258.9631
0
3DFACE
8
3D-COLECTOR-LOSA-SUPERIOR
10
-478.9409
20
12.9017
30
259.2500
11
-479.9404
21
12.9327
31
259.2500
12
-479.8877
22
14.6319
32
259.2500
13
-478.8882
23
14.6009
33
259.2500
0
3DFACE
8
3D-COLECTOR-MUROS
10
-478.9409
20
12.9017
30
258.4130
11
-479.9404
21
12.9327
31
258.4100
12
-479.9404
22
12.9327
32
259.2500
13
-478.9409
23
12.9017
33
259.2500
0
3DFACE
8
3D-COLECTOR-MUROS
10
-478.8882
20
14.6009
30
258.4130
11
-479.8877
21
14.6319
31
258.4100
12
-479.8877
22
14.6319
32
259.2500
13
-478.8882
23
14.6009
33
259.2500
0
3DFACE
8
3D-COLECTOR-LOSA-FONDO
10
-478.9409
20
12.9017
30
258.4130
11
-479.9404
21
12.9327
31
258.4100
12
-479.8877
22
14.6319
32
258.4100
13
-478.8882
23
14.6009
33
258.4130
0
3DFACE
8
3D-COLECTOR-INTERIOR
10
-478.9378
20
13.0016
30
258.5630
11
-479.9373
21
13.0326
31
258.5600
12
-479.8908
22
14.5319
32
258.5600
13
-478.8913
23
14.5009
33
258.5630
0
3DFACE
8
3D-COLECTOR-INTERIOR
10
-478.9378
20
13.0016
30
258.5630
11
-479.9373
21
13.0326
31
258.5600
12
-479.9373
22
13.0326
32
259.1500
13
-478.9378
23
13.0016
33
259.1500
0
3DFACE
8
3D-COLECTOR-INTERIOR
10
-478.8913
20
14.5009
30
258.5630
11
-479.8908
21
14.5319
31
258.5600
12
-479.8908
22
14.5319
32
259.1500
13
-478.8913
23
14.5009
33
259.1500
0
3DFACE
8
3D-COLECTOR-INTERIOR
10
-478.9378
20
13.0016
30
259.1500
11
-479.9373
21
13.0326
31
259.1500
12
-479.8908
22
14.5319
32
259.1500
13
-478.8913
23
14.5009
33
259.1500
0
3DFACE
8
3D-AGUA
10
-478.9378
20
13.0016
30
258.9615
11
-479.9373
21
13.0326
31
258.9599
12
-479.8908
22
14.5319
32
258.9599
13
-478.8913
23
14.5009
33
258.9615
0
3DFACE
8
3D-COLECTOR-LOSA-SUPERIOR
10
-479.9404
20
12.9327
30
259.2500
11
-480.9399
21
12.9637
31
259.2500
12
-480.8872
22
14.6629
32
259.2500
13
-479.8877
23
14.6319
33
259.2500
0
3DFACE
8
3D-COLECTOR-MUROS
10
-479.9404
20
12.9327
30
258.4100
11
-480.9399
21
12.9637
31
258.4069
12
-480.9399
22
12.9637
32
259.2500
13
-479.9404
23
12.9327
33
259.2500
0
3DFACE
8
3D-COLECTOR-MUROS
10
-479.8877
20
14.6319
30
258.4100
11
-480.8872
21
14.6629
31
258.4069
12
-480.8872
22
14.6629
32
259.2500
13
-479.8877
23
14.6319
33
259.2500
0
3DFACE
8
3D-COLECTOR-LOSA-FONDO
10
-479.9404
20
12.9327
30
258.4100
11
-480.9399
21
12.9637
31
258.4069
12
-480.8872
22
14.6629
32
258.4069
13
-479.8877
23
14.6319
33
258.4100
0
3DFACE
8
3D-COLECTOR-INTERIOR
10
-479.9373
20
13.0326
30
258.5600
11
-480.9368
21
13.0636
31
258.5569
12
-480.8903
22
14.5629
32
258.5569
13
-479.8908
23
14.5319
33
258.5600
0
3DFACE
8
3D-COLECTOR-INTERIOR
10
-479.9373
20
13.0326
30
258.5600
11
-480.9368
21
13.0636
31
258.5569
12
-480.9368
22
13.0636
32
259.1500
13
-479.9373
23
13.0326
33
259.1500
0
3DFACE
8
3D-COLECTOR-INTERIOR
10
-479.8908
20
14.5319
30
258.5600
11
-480.8903
21
14.5629
31
258.5569
12
-480.8903
22
14.5629
32
259.1500
13
-479.8908
23
14.5319
33
259.1500
0
3DFACE
8
3D-COLECTOR-INTERIOR
10
-479.9373
20
13.0326
30
259.1500
11
-480.9368
21
13.0636
31
259.1500
12
-480.8903
22
14.5629
32
259.1500
13
-479.8908
23
14.5319
33
259.1500
0
3DFACE
8
3D-AGUA
10
-479.9373
20
13.0326
30
258.9599
11
-480.9368
21
13.0636
31
258.9584
12
-480.8903
22
14.5629
32
258.9584
13
-479.8908
23
14.5319
33
258.9599
0
3DFACE
8
3D-COLECTOR-LOSA-SUPERIOR
10
-480.9415
20
12.9137
30
259.2500
11
-481.9410
21
12.9447
31
259.2500
12
-481.8852
22
14.7438
32
259.2500
13
-480.8857
23
14.7128
33
259.2500
0
3DFACE
8
3D-COLECTOR-MUROS
10
-480.9415
20
12.9137
30
258.3069
11
-481.9410
21
12.9447
31
258.3039
12
-481.9410
22
12.9447
32
259.2500
13
-480.9415
23
12.9137
33
259.2500
0
3DFACE
8
3D-COLECTOR-MUROS
10
-480.8857
20
14.7128
30
258.3069
11
-481.8852
21
14.7438
31
258.3039
12
-481.8852
22
14.7438
32
259.2500
13
-480.8857
23
14.7128
33
259.2500
0
3DFACE
8
3D-COLECTOR-LOSA-FONDO
10
-480.9415
20
12.9137
30
258.3069
11
-481.9410
21
12.9447
31
258.3039
12
-481.8852
22
14.7438
32
258.3039
13
-480.8857
23
14.7128
33
258.3069
0
3DFACE
8
3D-COLECTOR-INTERIOR
10
-480.9368
20
13.0636
30
258.5569
11
-481.9363
21
13.0946
31
258.5539
12
-481.8898
22
14.5939
32
258.5539
13
-480.8903
23
14.5629
33
258.5569
0
3DFACE
8
3D-COLECTOR-INTERIOR
10
-480.9368
20
13.0636
30
258.5569
11
-481.9363
21
13.0946
31
258.5539
12
-481.9363
22
13.0946
32
259.0500
13
-480.9368
23
13.0636
33
259.0500
0
3DFACE
8
3D-COLECTOR-INTERIOR
10
-480.8903
20
14.5629
30
258.5569
11
-481.8898
21
14.5939
31
258.5539
12
-481.8898
22
14.5939
32
259.0500
13
-480.8903
23
14.5629
33
259.0500
0
3DFACE
8
3D-COLECTOR-INTERIOR
10
-480.9368
20
13.0636
30
259.0500
11
-481.9363
21
13.0946
31
259.0500
12
-481.8898
22
14.5939
32
259.0500
13
-480.8903
23
14.5629
33
259.0500
0
3DFACE
8
3D-AGUA
10
-480.9368
20
13.0636
30
258.9584
11
-481.9363
21
13.0946
31
258.9569
12
-481.8898
22
14.5939
32
258.9569
13
-480.8903
23
14.5629
33
258.9584
0
3DFACE
8
3D-COLECTOR-LOSA-SUPERIOR
10
-481.9410
20
12.9447
30
259.2500
11
-482.9405
21
12.9757
31
259.2500
12
-482.8847
22
14.7748
32
259.2500
13
-481.8852
23
14.7438
33
259.2500
0
3DFACE
8
3D-COLECTOR-MUROS
10
-481.9410
20
12.9447
30
258.3039
11
-482.9405
21
12.9757
31
258.3009
12
-482.9405
22
12.9757
32
259.2500
13
-481.9410
23
12.9447
33
259.2500
0
3DFACE
8
3D-COLECTOR-MUROS
10
-481.8852
20
14.7438
30
258.3039
11
-482.8847
21
14.7748
31
258.3009
12
-482.8847
22
14.7748
32
259.2500
13
-481.8852
23
14.7438
33
259.2500
0
3DFACE
8
3D-COLECTOR-LOSA-FONDO
10
-481.9410
20
12.9447
30
258.3039
11
-482.9405
21
12.9757
31
258.3009
12
-482.8847
22
14.7748
32
258.3009
13
-481.8852
23
14.7438
33
258.3039
0
3DFACE
8
3D-COLECTOR-INTERIOR
10
-481.9363
20
13.0946
30
258.5539
11
-482.9358
21
13.1256
31
258.5509
12
-482.8894
22
14.6249
32
258.5509
13
-481.8898
23
14.5939
33
258.5539
0
3DFACE
8
3D-COLECTOR-INTERIOR
10
-481.9363
20
13.0946
30
258.5539
11
-482.9358
21
13.1256
31
258.5509
12
-482.9358
22
13.1256
32
259.0500
13
-481.9363
23
13.0946
33
259.0500
0
3DFACE
8
3D-COLECTOR-INTERIOR
10
-481.8898
20
14.5939
30
258.5539
11
-482.8894
21
14.6249
31
258.5509
12
-482.8894
22
14.6249
32
259.0500
13
-481.8898
23
14.5939
33
259.0500
0
3DFACE
8
3D-COLECTOR-INTERIOR
10
-481.9363
20
13.0946
30
259.0500
11
-482.9358
21
13.1256
31
259.0500
12
-482.8894
22
14.6249
32
259.0500
13
-481.8898
23
14.5939
33
259.0500
0
3DFACE
8
3D-AGUA
10
-481.9363
20
13.0946
30
258.9569
11
-482.9358
21
13.1256
31
258.9554
12
-482.8894
22
14.6249
32
258.9554
13
-481.8898
23
14.5939
33
258.9569
0
3DFACE
8
3D-COLECTOR-LOSA-SUPERIOR
10
-482.9405
20
12.9757
30
259.2500
11
-483.9400
21
13.0067
31
259.2500
12
-483.8842
22
14.8058
32
259.2500
13
-482.8847
23
14.7748
33
259.2500
0
3DFACE
8
3D-COLECTOR-MUROS
10
-482.9405
20
12.9757
30
258.3009
11
-483.9400
21
13.0067
31
258.2979
12
-483.9400
22
13.0067
32
259.2500
13
-482.9405
23
12.9757
33
259.2500
0
3DFACE
8
3D-COLECTOR-MUROS
10
-482.8847
20
14.7748
30
258.3009
11
-483.8842
21
14.8058
31
258.2979
12
-483.8842
22
14.8058
32
259.2500
13
-482.8847
23
14.7748
33
259.2500
0
3DFACE
8
3D-COLECTOR-LOSA-FONDO
10
-482.9405
20
12.9757
30
258.3009
11
-483.9400
21
13.0067
31
258.2979
12
-483.8842
22
14.8058
32
258.2979
13
-482.8847
23
14.7748
33
258.3009
0
3DFACE
8
3D-COLECTOR-INTERIOR
10
-482.9358
20
13.1256
30
258.5509
11
-483.9354
21
13.1566
31
258.5479
12
-483.8889
22
14.6559
32
258.5479
13
-482.8894
23
14.6249
33
258.5509
0
3DFACE
8
3D-COLECTOR-INTERIOR
10
-482.9358
20
13.1256
30
258.5509
11
-483.9354
21
13.1566
31
258.5479
12
-483.9354
22
13.1566
32
259.0500
13
-482.9358
23
13.1256
33
259.0500
0
3DFACE
8
3D-COLECTOR-INTERIOR
10
-482.8894
20
14.6249
30
258.5509
11
-483.8889
21
14.6559
31
258.5479
12
-483.8889
22
14.6559
32
259.0500
13
-482.8894
23
14.6249
33
259.0500
0
3DFACE
8
3D-COLECTOR-INTERIOR
10
-482.9358
20
13.1256
30
259.0500
11
-483.9354
21
13.1566
31
259.0500
12
-483.8889
22
14.6559
32
259.0500
13
-482.8894
23
14.6249
33
259.0500
0
3DFACE
8
3D-AGUA
10
-482.9358
20
13.1256
30
258.9554
11
-483.9354
21
13.1566
31
258.9539
12
-483.8889
22
14.6559
32
258.9539
13
-482.8894
23
14.6249
33
258.9554
0
3DFACE
8
3D-COLECTOR-LOSA-SUPERIOR
10
-483.9400
20
13.0067
30
259.2500
11
-484.9395
21
13.0377
31
259.2500
12
-484.8838
22
14.8368
32
259.2500
13
-483.8842
23
14.8058
33
259.2500
0
3DFACE
8
3D-COLECTOR-MUROS
10
-483.9400
20
13.0067
30
258.2979
11
-484.9395
21
13.0377
31
258.2949
12
-484.9395
22
13.0377
32
259.2500
13
-483.9400
23
13.0067
33
259.2500
0
3DFACE
8
3D-COLECTOR-MUROS
10
-483.8842
20
14.8058
30
258.2979
11
-484.8838
21
14.8368
31
258.2949
12
-484.8838
22
14.8368
32
259.2500
13
-483.8842
23
14.8058
33
259.2500
0
3DFACE
8
3D-COLECTOR-LOSA-FONDO
10
-483.9400
20
13.0067
30
258.2979
11
-484.9395
21
13.0377
31
258.2949
12
-484.8838
22
14.8368
32
258.2949
13
-483.8842
23
14.8058
33
258.2979
0
3DFACE
8
3D-COLECTOR-INTERIOR
10
-483.9354
20
13.1566
30
258.5479
11
-484.9349
21
13.1876
31
258.5449
12
-484.8884
22
14.6869
32
258.5449
13
-483.8889
23
14.6559
33
258.5479
0
3DFACE
8
3D-COLECTOR-INTERIOR
10
-483.9354
20
13.1566
30
258.5479
11
-484.9349
21
13.1876
31
258.5449
12
-484.9349
22
13.1876
32
259.0500
13
-483.9354
23
13.1566
33
259.0500
0
3DFACE
8
3D-COLECTOR-INTERIOR
10
-483.8889
20
14.6559
30
258.5479
11
-484.8884
21
14.6869
31
258.5449
12
-484.8884
22
14.6869
32
259.0500
13
-483.8889
23
14.6559
33
259.0500
0
3DFACE
8
3D-COLECTOR-INTERIOR
10
-483.9354
20
13.1566
30
259.0500
11
-484.9349
21
13.1876
31
259.0500
12
-484.8884
22
14.6869
32
259.0500
13
-483.8889
23
14.6559
33
259.0500
0
3DFACE
8
3D-AGUA
10
-483.9354
20
13.1566
30
258.9539
11
-484.9349
21
13.1876
31
258.9525
12
-484.8884
22
14.6869
32
258.9525
13
-483.8889
23
14.6559
33
258.9539
0
3DFACE
8
3D-COLECTOR-LOSA-SUPERIOR
10
-484.9395
20
13.0377
30
259.2500
11
-485.9391
21
13.0687
31
259.2500
12
-485.8833
22
14.8678
32
259.2500
13
-484.8838
23
14.8368
33
259.2500
0
3DFACE
8
3D-COLECTOR-MUROS
10
-484.9395
20
13.0377
30
258.2949
11
-485.9391
21
13.0687
31
258.2918
12
-485.9391
22
13.0687
32
259.2500
13
-484.9395
23
13.0377
33
259.2500
0
3DFACE
8
3D-COLECTOR-MUROS
10
-484.8838
20
14.8368
30
258.2949
11
-485.8833
21
14.8678
31
258.2918
12
-485.8833
22
14.8678
32
259.2500
13
-484.8838
23
14.8368
33
259.2500
0
3DFACE
8
3D-COLECTOR-LOSA-FONDO
10
-484.9395
20
13.0377
30
258.2949
11
-485.9391
21
13.0687
31
258.2918
12
-485.8833
22
14.8678
32
258.2918
13
-484.8838
23
14.8368
33
258.2949
0
3DFACE
8
3D-COLECTOR-INTERIOR
10
-484.9349
20
13.1876
30
258.5449
11
-485.9344
21
13.2186
31
258.5418
12
-485.8879
22
14.7179
32
258.5418
13
-484.8884
23
14.6869
33
258.5449
0
3DFACE
8
3D-COLECTOR-INTERIOR
10
-484.9349
20
13.1876
30
258.5449
11
-485.9344
21
13.2186
31
258.5418
12
-485.9344
22
13.2186
32
259.0500
13
-484.9349
23
13.1876
33
259.0500
0
3DFACE
8
3D-COLECTOR-INTERIOR
10
-484.8884
20
14.6869
30
258.5449
11
-485.8879
21
14.7179
31
258.5418
12
-485.8879
22
14.7179
32
259.0500
13
-484.8884
23
14.6869
33
259.0500
0
3DFACE
8
3D-COLECTOR-INTERIOR
10
-484.9349
20
13.1876
30
259.0500
11
-485.9344
21
13.2186
31
259.0500
12
-485.8879
22
14.7179
32
259.0500
13
-484.8884
23
14.6869
33
259.0500
0
3DFACE
8
3D-AGUA
10
-484.9349
20
13.1876
30
258.9525
11
-485.9344
21
13.2186
31
258.9511
12
-485.8879
22
14.7179
32
258.9511
13
-484.8884
23
14.6869
33
258.9525
0
3DFACE
8
3D-COLECTOR-LOSA-SUPERIOR
10
-485.9391
20
13.0687
30
259.2500
11
-486.9386
21
13.0997
31
259.2500
12
-486.8828
22
14.8988
32
259.2500
13
-485.8833
23
14.8678
33
259.2500
0
3DFACE
8
3D-COLECTOR-MUROS
10
-485.9391
20
13.0687
30
258.2918
11
-486.9386
21
13.0997
31
258.2888
12
-486.9386
22
13.0997
32
259.2500
13
-485.9391
23
13.0687
33
259.2500
0
3DFACE
8
3D-COLECTOR-MUROS
10
-485.8833
20
14.8678
30
258.2918
11
-486.8828
21
14.8988
31
258.2888
12
-486.8828
22
14.8988
32
259.2500
13
-485.8833
23
14.8678
33
259.2500
0
3DFACE
8
3D-COLECTOR-LOSA-FONDO
10
-485.9391
20
13.0687
30
258.2918
11
-486.9386
21
13.0997
31
258.2888
12
-486.8828
22
14.8988
32
258.2888
13
-485.8833
23
14.8678
33
258.2918
0
3DFACE
8
3D-COLECTOR-INTERIOR
10
-485.9344
20
13.2186
30
258.5418
11
-486.9339
21
13.2496
31
258.5388
12
-486.8874
22
14.7489
32
258.5388
13
-485.8879
23
14.7179
33
258.5418
0
3DFACE
8
3D-COLECTOR-INTERIOR
10
-485.9344
20
13.2186
30
258.5418
11
-486.9339
21
13.2496
31
258.5388
12
-486.9339
22
13.2496
32
259.0500
13
-485.9344
23
13.2186
33
259.0500
0
3DFACE
8
3D-COLECTOR-INTERIOR
10
-485.8879
20
14.7179
30
258.5418
11
-486.8874
21
14.7489
31
258.5388
12
-486.8874
22
14.7489
32
259.0500
13
-485.8879
23
14.7179
33
259.0500
0
3DFACE
8
3D-COLECTOR-INTERIOR
10
-485.9344
20
13.2186
30
259.0500
11
-486.9339
21
13.2496
31
259.0500
12
-486.8874
22
14.7489
32
259.0500
13
-485.8879
23
14.7179
33
259.0500
0
3DFACE
8
3D-AGUA
10
-485.9344
20
13.2186
30
258.9511
11
-486.9339
21
13.2496
31
258.9497
12
-486.8874
22
14.7489
32
258.9497
13
-485.8879
23
14.7179
33
258.9511
0
3DFACE
8
3D-COLECTOR-LOSA-SUPERIOR
10
-486.9370
20
13.1496
30
259.2500
11
-487.9365
21
13.1806
31
259.2500
12
-487.8839
22
14.8798
32
259.2500
13
-486.8843
23
14.8488
33
259.2500
0
3DFACE
8
3D-COLECTOR-MUROS
10
-486.9370
20
13.1496
30
258.3888
11
-487.9365
21
13.1806
31
258.3858
12
-487.9365
22
13.1806
32
259.2500
13
-486.9370
23
13.1496
33
259.2500
0
3DFACE
8
3D-COLECTOR-MUROS
10
-486.8843
20
14.8488
30
258.3888
11
-487.8839
21
14.8798
31
258.3858
12
-487.8839
22
14.8798
32
259.2500
13
-486.8843
23
14.8488
33
259.2500
0
3DFACE
8
3D-COLECTOR-LOSA-FONDO
10
-486.9370
20
13.1496
30
258.3888
11
-487.9365
21
13.1806
31
258.3858
12
-487.8839
22
14.8798
32
258.3858
13
-486.8843
23
14.8488
33
258.3888
0
3DFACE
8
3D-COLECTOR-INTERIOR
10
-486.9339
20
13.2496
30
258.5388
11
-487.9334
21
13.2806
31
258.5358
12
-487.8870
22
14.7799
32
258.5358
13
-486.8874
23
14.7489
33
258.5388
0
3DFACE
8
3D-COLECTOR-INTERIOR
10
-486.9339
20
13.2496
30
258.5388
11
-487.9334
21
13.2806
31
258.5358
12
-487.9334
22
13.2806
32
259.1500
13
-486.9339
23
13.2496
33
259.1500
0
3DFACE
8
3D-COLECTOR-INTERIOR
10
-486.8874
20
14.7489
30
258.5388
11
-487.8870
21
14.7799
31
258.5358
12
-487.8870
22
14.7799
32
259.1500
13
-486.8874
23
14.7489
33
259.1500
0
3DFACE
8
3D-COLECTOR-INTERIOR
10
-486.9339
20
13.2496
30
259.1500
11
-487.9334
21
13.2806
31
259.1500
12
-487.8870
22
14.7799
32
259.1500
13
-486.8874
23
14.7489
33
259.1500
0
3DFACE
8
3D-AGUA
10
-486.9339
20
13.2496
30
258.9497
11
-487.9334
21
13.2806
31
258.9201
12
-487.8870
22
14.7799
32
258.9201
13
-486.8874
23
14.7489
33
258.9497
0
3DFACE
8
3D-COLECTOR-LOSA-SUPERIOR
10
-487.9365
20
13.1806
30
259.2500
11
-488.9361
21
13.2116
31
259.2500
12
-488.8834
22
14.9108
32
259.2500
13
-487.8839
23
14.8798
33
259.2500
0
3DFACE
8
3D-COLECTOR-MUROS
10
-487.9365
20
13.1806
30
258.3858
11
-488.9361
21
13.2116
31
258.3828
12
-488.9361
22
13.2116
32
259.2500
13
-487.9365
23
13.1806
33
259.2500
0
3DFACE
8
3D-COLECTOR-MUROS
10
-487.8839
20
14.8798
30
258.3858
11
-488.8834
21
14.9108
31
258.3828
12
-488.8834
22
14.9108
32
259.2500
13
-487.8839
23
14.8798
33
259.2500
0
3DFACE
8
3D-COLECTOR-LOSA-FONDO
10
-487.9365
20
13.1806
30
258.3858
11
-488.9361
21
13.2116
31
258.3828
12
-488.8834
22
14.9108
32
258.3828
13
-487.8839
23
14.8798
33
258.3858
0
3DFACE
8
3D-COLECTOR-INTERIOR
10
-487.9334
20
13.2806
30
258.5358
11
-488.9330
21
13.3116
31
258.5328
12
-488.8865
22
14.8109
32
258.5328
13
-487.8870
23
14.7799
33
258.5358
0
3DFACE
8
3D-COLECTOR-INTERIOR
10
-487.9334
20
13.2806
30
258.5358
11
-488.9330
21
13.3116
31
258.5328
12
-488.9330
22
13.3116
32
259.1500
13
-487.9334
23
13.2806
33
259.1500
0
3DFACE
8
3D-COLECTOR-INTERIOR
10
-487.8870
20
14.7799
30
258.5358
11
-488.8865
21
14.8109
31
258.5328
12
-488.8865
22
14.8109
32
259.1500
13
-487.8870
23
14.7799
33
259.1500
0
3DFACE
8
3D-COLECTOR-INTERIOR
10
-487.9334
20
13.2806
30
259.1500
11
-488.9330
21
13.3116
31
259.1500
12
-488.8865
22
14.8109
32
259.1500
13
-487.8870
23
14.7799
33
259.1500
0
3DFACE
8
3D-AGUA
10
-487.9334
20
13.2806
30
258.9201
11
-488.9330
21
13.3116
31
258.9175
12
-488.8865
22
14.8109
32
258.9175
13
-487.8870
23
14.7799
33
258.9201
0
3DFACE
8
3D-COLECTOR-LOSA-SUPERIOR
10
-488.9361
20
13.2116
30
259.2500
11
-489.9356
21
13.2426
31
259.2500
12
-489.8829
22
14.9418
32
259.2500
13
-488.8834
23
14.9108
33
259.2500
0
3DFACE
8
3D-COLECTOR-MUROS
10
-488.9361
20
13.2116
30
258.3828
11
-489.9356
21
13.2426
31
258.3798
12
-489.9356
22
13.2426
32
259.2500
13
-488.9361
23
13.2116
33
259.2500
0
3DFACE
8
3D-COLECTOR-MUROS
10
-488.8834
20
14.9108
30
258.3828
11
-489.8829
21
14.9418
31
258.3798
12
-489.8829
22
14.9418
32
259.2500
13
-488.8834
23
14.9108
33
259.2500
0
3DFACE
8
3D-COLECTOR-LOSA-FONDO
10
-488.9361
20
13.2116
30
258.3828
11
-489.9356
21
13.2426
31
258.3798
12
-489.8829
22
14.9418
32
258.3798
13
-488.8834
23
14.9108
33
258.3828
0
3DFACE
8
3D-COLECTOR-INTERIOR
10
-488.9330
20
13.3116
30
258.5328
11
-489.9325
21
13.3426
31
258.5298
12
-489.8860
22
14.8418
32
258.5298
13
-488.8865
23
14.8109
33
258.5328
0
3DFACE
8
3D-COLECTOR-INTERIOR
10
-488.9330
20
13.3116
30
258.5328
11
-489.9325
21
13.3426
31
258.5298
12
-489.9325
22
13.3426
32
259.1500
13
-488.9330
23
13.3116
33
259.1500
0
3DFACE
8
3D-COLECTOR-INTERIOR
10
-488.8865
20
14.8109
30
258.5328
11
-489.8860
21
14.8418
31
258.5298
12
-489.8860
22
14.8418
32
259.1500
13
-488.8865
23
14.8109
33
259.1500
0
3DFACE
8
3D-COLECTOR-INTERIOR
10
-488.9330
20
13.3116
30
259.1500
11
-489.9325
21
13.3426
31
259.1500
12
-489.8860
22
14.8418
32
259.1500
13
-488.8865
23
14.8109
33
259.1500
0
3DFACE
8
3D-AGUA
10
-488.9330
20
13.3116
30
258.9175
11
-489.9325
21
13.3426
31
258.9149
12
-489.8860
22
14.8418
32
258.9149
13
-488.8865
23
14.8109
33
258.9175
0
3DFACE
8
3D-COLECTOR-LOSA-SUPERIOR
10
-489.9356
20
13.2426
30
259.2500
11
-490.9351
21
13.2736
31
259.2500
12
-490.8824
22
14.9728
32
259.2500
13
-489.8829
23
14.9418
33
259.2500
0
3DFACE
8
3D-COLECTOR-MUROS
10
-489.9356
20
13.2426
30
258.3798
11
-490.9351
21
13.2736
31
258.3767
12
-490.9351
22
13.2736
32
259.2500
13
-489.9356
23
13.2426
33
259.2500
0
3DFACE
8
3D-COLECTOR-MUROS
10
-489.8829
20
14.9418
30
258.3798
11
-490.8824
21
14.9728
31
258.3767
12
-490.8824
22
14.9728
32
259.2500
13
-489.8829
23
14.9418
33
259.2500
0
3DFACE
8
3D-COLECTOR-LOSA-FONDO
10
-489.9356
20
13.2426
30
258.3798
11
-490.9351
21
13.2736
31
258.3767
12
-490.8824
22
14.9728
32
258.3767
13
-489.8829
23
14.9418
33
258.3798
0
3DFACE
8
3D-COLECTOR-INTERIOR
10
-489.9325
20
13.3426
30
258.5298
11
-490.9320
21
13.3736
31
258.5267
12
-490.8855
22
14.8728
32
258.5267
13
-489.8860
23
14.8418
33
258.5298
0
3DFACE
8
3D-COLECTOR-INTERIOR
10
-489.9325
20
13.3426
30
258.5298
11
-490.9320
21
13.3736
31
258.5267
12
-490.9320
22
13.3736
32
259.1500
13
-489.9325
23
13.3426
33
259.1500
0
3DFACE
8
3D-COLECTOR-INTERIOR
10
-489.8860
20
14.8418
30
258.5298
11
-490.8855
21
14.8728
31
258.5267
12
-490.8855
22
14.8728
32
259.1500
13
-489.8860
23
14.8418
33
259.1500
0
3DFACE
8
3D-COLECTOR-INTERIOR
10
-489.9325
20
13.3426
30
259.1500
11
-490.9320
21
13.3736
31
259.1500
12
-490.8855
22
14.8728
32
259.1500
13
-489.8860
23
14.8418
33
259.1500
0
3DFACE
8
3D-AGUA
10
-489.9325
20
13.3426
30
258.9149
11
-490.9320
21
13.3736
31
258.9123
12
-490.8855
22
14.8728
32
258.9123
13
-489.8860
23
14.8418
33
258.9149
0
3DFACE
8
3D-COLECTOR-LOSA-SUPERIOR
10
-490.9351
20
13.2736
30
259.2500
11
-491.9346
21
13.3046
31
259.2500
12
-491.8819
22
15.0038
32
259.2500
13
-490.8824
23
14.9728
33
259.2500
0
3DFACE
8
3D-COLECTOR-MUROS
10
-490.9351
20
13.2736
30
258.3767
11
-491.9346
21
13.3046
31
258.3737
12
-491.9346
22
13.3046
32
259.2500
13
-490.9351
23
13.2736
33
259.2500
0
3DFACE
8
3D-COLECTOR-MUROS
10
-490.8824
20
14.9728
30
258.3767
11
-491.8819
21
15.0038
31
258.3737
12
-491.8819
22
15.0038
32
259.2500
13
-490.8824
23
14.9728
33
259.2500
0
3DFACE
8
3D-COLECTOR-LOSA-FONDO
10
-490.9351
20
13.2736
30
258.3767
11
-491.9346
21
13.3046
31
258.3737
12
-491.8819
22
15.0038
32
258.3737
13
-490.8824
23
14.9728
33
258.3767
0
3DFACE
8
3D-COLECTOR-INTERIOR
10
-490.9320
20
13.3736
30
258.5267
11
-491.9315
21
13.4046
31
258.5237
12
-491.8850
22
14.9038
32
258.5237
13
-490.8855
23
14.8728
33
258.5267
0
3DFACE
8
3D-COLECTOR-INTERIOR
10
-490.9320
20
13.3736
30
258.5267
11
-491.9315
21
13.4046
31
258.5237
12
-491.9315
22
13.4046
32
259.1500
13
-490.9320
23
13.3736
33
259.1500
0
3DFACE
8
3D-COLECTOR-INTERIOR
10
-490.8855
20
14.8728
30
258.5267
11
-491.8850
21
14.9038
31
258.5237
12
-491.8850
22
14.9038
32
259.1500
13
-490.8855
23
14.8728
33
259.1500
0
3DFACE
8
3D-COLECTOR-INTERIOR
10
-490.9320
20
13.3736
30
259.1500
11
-491.9315
21
13.4046
31
259.1500
12
-491.8850
22
14.9038
32
259.1500
13
-490.8855
23
14.8728
33
259.1500
0
3DFACE
8
3D-AGUA
10
-490.9320
20
13.3736
30
258.9123
11
-491.9315
21
13.4046
31
258.9097
12
-491.8850
22
14.9038
32
258.9097
13
-490.8855
23
14.8728
33
258.9123
0
3DFACE
8
3D-COLECTOR-LOSA-SUPERIOR
10
-491.9346
20
13.3046
30
259.2500
11
-492.9341
21
13.3356
31
259.2500
12
-492.8815
22
15.0348
32
259.2500
13
-491.8819
23
15.0038
33
259.2500
0
3DFACE
8
3D-COLECTOR-MUROS
10
-491.9346
20
13.3046
30
258.3737
11
-492.9341
21
13.3356
31
258.3707
12
-492.9341
22
13.3356
32
259.2500
13
-491.9346
23
13.3046
33
259.2500
0
3DFACE
8
3D-COLECTOR-MUROS
10
-491.8819
20
15.0038
30
258.3737
11
-492.8815
21
15.0348
31
258.3707
12
-492.8815
22
15.0348
32
259.2500
13
-491.8819
23
15.0038
33
259.2500
0
3DFACE
8
3D-COLECTOR-LOSA-FONDO
10
-491.9346
20
13.3046
30
258.3737
11
-492.9341
21
13.3356
31
258.3707
12
-492.8815
22
15.0348
32
258.3707
13
-491.8819
23
15.0038
33
258.3737
0
3DFACE
8
3D-COLECTOR-INTERIOR
10
-491.9315
20
13.4046
30
258.5237
11
-492.9310
21
13.4355
31
258.5207
12
-492.8846
22
14.9348
32
258.5207
13
-491.8850
23
14.9038
33
258.5237
0
3DFACE
8
3D-COLECTOR-INTERIOR
10
-491.9315
20
13.4046
30
258.5237
11
-492.9310
21
13.4355
31
258.5207
12
-492.9310
22
13.4355
32
259.1500
13
-491.9315
23
13.4046
33
259.1500
0
3DFACE
8
3D-COLECTOR-INTERIOR
10
-491.8850
20
14.9038
30
258.5237
11
-492.8846
21
14.9348
31
258.5207
12
-492.8846
22
14.9348
32
259.1500
13
-491.8850
23
14.9038
33
259.1500
0
3DFACE
8
3D-COLECTOR-INTERIOR
10
-491.9315
20
13.4046
30
259.1500
11
-492.9310
21
13.4355
31
259.1500
12
-492.8846
22
14.9348
32
259.1500
13
-491.8850
23
14.9038
33
259.1500
0
3DFACE
8
3D-AGUA
10
-491.9315
20
13.4046
30
258.9097
11
-492.9310
21
13.4355
31
258.9071
12
-492.8846
22
14.9348
32
258.9071
13
-491.8850
23
14.9038
33
258.9097
0
3DFACE
8
3D-COLECTOR-LOSA-SUPERIOR
10
-492.9341
20
13.3356
30
259.2500
11
-493.9337
21
13.3666
31
259.2500
12
-493.8810
22
15.0658
32
259.2500
13
-492.8815
23
15.0348
33
259.2500
0
3DFACE
8
3D-COLECTOR-MUROS
10
-492.9341
20
13.3356
30
258.3707
11
-493.9337
21
13.3666
31
258.3677
12
-493.9337
22
13.3666
32
259.2500
13
-492.9341
23
13.3356
33
259.2500
0
3DFACE
8
3D-COLECTOR-MUROS
10
-492.8815
20
15.0348
30
258.3707
11
-493.8810
21
15.0658
31
258.3677
12
-493.8810
22
15.0658
32
259.2500
13
-492.8815
23
15.0348
33
259.2500
0
3DFACE
8
3D-COLECTOR-LOSA-FONDO
10
-492.9341
20
13.3356
30
258.3707
11
-493.9337
21
13.3666
31
258.3677
12
-493.8810
22
15.0658
32
258.3677
13
-492.8815
23
15.0348
33
258.3707
0
3DFACE
8
3D-COLECTOR-INTERIOR
10
-492.9310
20
13.4355
30
258.5207
11
-493.9306
21
13.4665
31
258.5177
12
-493.8841
22
14.9658
32
258.5177
13
-492.8846
23
14.9348
33
258.5207
0
3DFACE
8
3D-COLECTOR-INTERIOR
10
-492.9310
20
13.4355
30
258.5207
11
-493.9306
21
13.4665
31
258.5177
12
-493.9306
22
13.4665
32
259.1500
13
-492.9310
23
13.4355
33
259.1500
0
3DFACE
8
3D-COLECTOR-INTERIOR
10
-492.8846
20
14.9348
30
258.5207
11
-493.8841
21
14.9658
31
258.5177
12
-493.8841
22
14.9658
32
259.1500
13
-492.8846
23
14.9348
33
259.1500
0
3DFACE
8
3D-COLECTOR-INTERIOR
10
-492.9310
20
13.4355
30
259.1500
11
-493.9306
21
13.4665
31
259.1500
12
-493.8841
22
14.9658
32
259.1500
13
-492.8846
23
14.9348
33
259.1500
0
3DFACE
8
3D-AGUA
10
-492.9310
20
13.4355
30
258.9071
11
-493.9306
21
13.4665
31
258.9046
12
-493.8841
22
14.9658
32
258.9046
13
-492.8846
23
14.9348
33
258.9071
0
3DFACE
8
3D-COLECTOR-LOSA-SUPERIOR
10
-493.9337
20
13.3666
30
259.2500
11
-494.9332
21
13.3976
31
259.2500
12
-494.8805
22
15.0968
32
259.2500
13
-493.8810
23
15.0658
33
259.2500
0
3DFACE
8
3D-COLECTOR-MUROS
10
-493.9337
20
13.3666
30
258.3677
11
-494.9332
21
13.3976
31
258.3647
12
-494.9332
22
13.3976
32
259.2500
13
-493.9337
23
13.3666
33
259.2500
0
3DFACE
8
3D-COLECTOR-MUROS
10
-493.8810
20
15.0658
30
258.3677
11
-494.8805
21
15.0968
31
258.3647
12
-494.8805
22
15.0968
32
259.2500
13
-493.8810
23
15.0658
33
259.2500
0
3DFACE
8
3D-COLECTOR-LOSA-FONDO
10
-493.9337
20
13.3666
30
258.3677
11
-494.9332
21
13.3976
31
258.3647
12
-494.8805
22
15.0968
32
258.3647
13
-493.8810
23
15.0658
33
258.3677
0
3DFACE
8
3D-COLECTOR-INTERIOR
10
-493.9306
20
13.4665
30
258.5177
11
-494.9301
21
13.4975
31
258.5147
12
-494.8836
22
14.9968
32
258.5147
13
-493.8841
23
14.9658
33
258.5177
0
3DFACE
8
3D-COLECTOR-INTERIOR
10
-493.9306
20
13.4665
30
258.5177
11
-494.9301
21
13.4975
31
258.5147
12
-494.9301
22
13.4975
32
259.1500
13
-493.9306
23
13.4665
33
259.1500
0
3DFACE
8
3D-COLECTOR-INTERIOR
10
-493.8841
20
14.9658
30
258.5177
11
-494.8836
21
14.9968
31
258.5147
12
-494.8836
22
14.9968
32
259.1500
13
-493.8841
23
14.9658
33
259.1500
0
3DFACE
8
3D-COLECTOR-INTERIOR
10
-493.9306
20
13.4665
30
259.1500
11
-494.9301
21
13.4975
31
259.1500
12
-494.8836
22
14.9968
32
259.1500
13
-493.8841
23
14.9658
33
259.1500
0
3DFACE
8
3D-AGUA
10
-493.9306
20
13.4665
30
258.9046
11
-494.9301
21
13.4975
31
258.9021
12
-494.8836
22
14.9968
32
258.9021
13
-493.8841
23
14.9658
33
258.9046
0
3DFACE
8
3D-COLECTOR-LOSA-SUPERIOR
10
-494.9332
20
13.3976
30
259.2500
11
-495.9327
21
13.4286
31
259.2500
12
-495.8800
22
15.1278
32
259.2500
13
-494.8805
23
15.0968
33
259.2500
0
3DFACE
8
3D-COLECTOR-MUROS
10
-494.9332
20
13.3976
30
258.3647
11
-495.9327
21
13.4286
31
258.3616
12
-495.9327
22
13.4286
32
259.2500
13
-494.9332
23
13.3976
33
259.2500
0
3DFACE
8
3D-COLECTOR-MUROS
10
-494.8805
20
15.0968
30
258.3647
11
-495.8800
21
15.1278
31
258.3616
12
-495.8800
22
15.1278
32
259.2500
13
-494.8805
23
15.0968
33
259.2500
0
3DFACE
8
3D-COLECTOR-LOSA-FONDO
10
-494.9332
20
13.3976
30
258.3647
11
-495.9327
21
13.4286
31
258.3616
12
-495.8800
22
15.1278
32
258.3616
13
-494.8805
23
15.0968
33
258.3647
0
3DFACE
8
3D-COLECTOR-INTERIOR
10
-494.9301
20
13.4975
30
258.5147
11
-495.9296
21
13.5285
31
258.5116
12
-495.8831
22
15.0278
32
258.5116
13
-494.8836
23
14.9968
33
258.5147
0
3DFACE
8
3D-COLECTOR-INTERIOR
10
-494.9301
20
13.4975
30
258.5147
11
-495.9296
21
13.5285
31
258.5116
12
-495.9296
22
13.5285
32
259.1500
13
-494.9301
23
13.4975
33
259.1500
0
3DFACE
8
3D-COLECTOR-INTERIOR
10
-494.8836
20
14.9968
30
258.5147
11
-495.8831
21
15.0278
31
258.5116
12
-495.8831
22
15.0278
32
259.1500
13
-494.8836
23
14.9968
33
259.1500
0
3DFACE
8
3D-COLECTOR-INTERIOR
10
-494.9301
20
13.4975
30
259.1500
11
-495.9296
21
13.5285
31
259.1500
12
-495.8831
22
15.0278
32
259.1500
13
-494.8836
23
14.9968
33
259.1500
0
3DFACE
8
3D-AGUA
10
-494.9301
20
13.4975
30
258.9021
11
-495.9296
21
13.5285
31
258.8996
12
-495.8831
22
15.0278
32
258.8996
13
-494.8836
23
14.9968
33
258.9021
0
3DFACE
8
3D-COLECTOR-LOSA-SUPERIOR
10
-495.9327
20
13.4286
30
259.2500
11
-496.9322
21
13.4596
31
259.2500
12
-496.8795
22
15.1587
32
259.2500
13
-495.8800
23
15.1278
33
259.2500
0
3DFACE
8
3D-COLECTOR-MUROS
10
-495.9327
20
13.4286
30
258.3616
11
-496.9322
21
13.4596
31
258.3586
12
-496.9322
22
13.4596
32
259.2500
13
-495.9327
23
13.4286
33
259.2500
0
3DFACE
8
3D-COLECTOR-MUROS
10
-495.8800
20
15.1278
30
258.3616
11
-496.8795
21
15.1587
31
258.3586
12
-496.8795
22
15.1587
32
259.2500
13
-495.8800
23
15.1278
33
259.2500
0
3DFACE
8
3D-COLECTOR-LOSA-FONDO
10
-495.9327
20
13.4286
30
258.3616
11
-496.9322
21
13.4596
31
258.3586
12
-496.8795
22
15.1587
32
258.3586
13
-495.8800
23
15.1278
33
258.3616
0
3DFACE
8
3D-COLECTOR-INTERIOR
10
-495.9296
20
13.5285
30
258.5116
11
-496.9291
21
13.5595
31
258.5086
12
-496.8826
22
15.0588
32
258.5086
13
-495.8831
23
15.0278
33
258.5116
0
3DFACE
8
3D-COLECTOR-INTERIOR
10
-495.9296
20
13.5285
30
258.5116
11
-496.9291
21
13.5595
31
258.5086
12
-496.9291
22
13.5595
32
259.1500
13
-495.9296
23
13.5285
33
259.1500
0
3DFACE
8
3D-COLECTOR-INTERIOR
10
-495.8831
20
15.0278
30
258.5116
11
-496.8826
21
15.0588
31
258.5086
12
-496.8826
22
15.0588
32
259.1500
13
-495.8831
23
15.0278
33
259.1500
0
3DFACE
8
3D-COLECTOR-INTERIOR
10
-495.9296
20
13.5285
30
259.1500
11
-496.9291
21
13.5595
31
259.1500
12
-496.8826
22
15.0588
32
259.1500
13
-495.8831
23
15.0278
33
259.1500
0
3DFACE
8
3D-AGUA
10
-495.9296
20
13.5285
30
258.8996
11
-496.9291
21
13.5595
31
258.8971
12
-496.8826
22
15.0588
32
258.8971
13
-495.8831
23
15.0278
33
258.8996
0
3DFACE
8
3D-COLECTOR-LOSA-SUPERIOR
10
-496.9322
20
13.4596
30
259.2500
11
-497.9317
21
13.4906
31
259.2500
12
-497.8791
22
15.1897
32
259.2500
13
-496.8795
23
15.1587
33
259.2500
0
3DFACE
8
3D-COLECTOR-MUROS
10
-496.9322
20
13.4596
30
258.3586
11
-497.9317
21
13.4906
31
258.3556
12
-497.9317
22
13.4906
32
259.2500
13
-496.9322
23
13.4596
33
259.2500
0
3DFACE
8
3D-COLECTOR-MUROS
10
-496.8795
20
15.1587
30
258.3586
11
-497.8791
21
15.1897
31
258.3556
12
-497.8791
22
15.1897
32
259.2500
13
-496.8795
23
15.1587
33
259.2500
0
3DFACE
8
3D-COLECTOR-LOSA-FONDO
10
-496.9322
20
13.4596
30
258.3586
11
-497.9317
21
13.4906
31
258.3556
12
-497.8791
22
15.1897
32
258.3556
13
-496.8795
23
15.1587
33
258.3586
0
3DFACE
8
3D-COLECTOR-INTERIOR
10
-496.9291
20
13.5595
30
258.5086
11
-497.9286
21
13.5905
31
258.5056
12
-497.8822
22
15.0898
32
258.5056
13
-496.8826
23
15.0588
33
258.5086
0
3DFACE
8
3D-COLECTOR-INTERIOR
10
-496.9291
20
13.5595
30
258.5086
11
-497.9286
21
13.5905
31
258.5056
12
-497.9286
22
13.5905
32
259.1500
13
-496.9291
23
13.5595
33
259.1500
0
3DFACE
8
3D-COLECTOR-INTERIOR
10
-496.8826
20
15.0588
30
258.5086
11
-497.8822
21
15.0898
31
258.5056
12
-497.8822
22
15.0898
32
259.1500
13
-496.8826
23
15.0588
33
259.1500
0
3DFACE
8
3D-COLECTOR-INTERIOR
10
-496.9291
20
13.5595
30
259.1500
11
-497.9286
21
13.5905
31
259.1500
12
-497.8822
22
15.0898
32
259.1500
13
-496.8826
23
15.0588
33
259.1500
0
3DFACE
8
3D-AGUA
10
-496.9291
20
13.5595
30
258.8971
11
-497.9286
21
13.5905
31
258.8946
12
-497.8822
22
15.0898
32
258.8946
13
-496.8826
23
15.0588
33
258.8971
0
3DFACE
8
3D-COLECTOR-LOSA-SUPERIOR
10
-497.9317
20
13.4906
30
259.2500
11
-498.9313
21
13.5216
31
259.2500
12
-498.8786
22
15.2207
32
259.2500
13
-497.8791
23
15.1897
33
259.2500
0
3DFACE
8
3D-COLECTOR-MUROS
10
-497.9317
20
13.4906
30
258.3556
11
-498.9313
21
13.5216
31
258.3526
12
-498.9313
22
13.5216
32
259.2500
13
-497.9317
23
13.4906
33
259.2500
0
3DFACE
8
3D-COLECTOR-MUROS
10
-497.8791
20
15.1897
30
258.3556
11
-498.8786
21
15.2207
31
258.3526
12
-498.8786
22
15.2207
32
259.2500
13
-497.8791
23
15.1897
33
259.2500
0
3DFACE
8
3D-COLECTOR-LOSA-FONDO
10
-497.9317
20
13.4906
30
258.3556
11
-498.9313
21
13.5216
31
258.3526
12
-498.8786
22
15.2207
32
258.3526
13
-497.8791
23
15.1897
33
258.3556
0
3DFACE
8
3D-COLECTOR-INTERIOR
10
-497.9286
20
13.5905
30
258.5056
11
-498.9282
21
13.6215
31
258.5026
12
-498.8817
22
15.1208
32
258.5026
13
-497.8822
23
15.0898
33
258.5056
0
3DFACE
8
3D-COLECTOR-INTERIOR
10
-497.9286
20
13.5905
30
258.5056
11
-498.9282
21
13.6215
31
258.5026
12
-498.9282
22
13.6215
32
259.1500
13
-497.9286
23
13.5905
33
259.1500
0
3DFACE
8
3D-COLECTOR-INTERIOR
10
-497.8822
20
15.0898
30
258.5056
11
-498.8817
21
15.1208
31
258.5026
12
-498.8817
22
15.1208
32
259.1500
13
-497.8822
23
15.0898
33
259.1500
0
3DFACE
8
3D-COLECTOR-INTERIOR
10
-497.9286
20
13.5905
30
259.1500
11
-498.9282
21
13.6215
31
259.1500
12
-498.8817
22
15.1208
32
259.1500
13
-497.8822
23
15.0898
33
259.1500
0
3DFACE
8
3D-AGUA
10
-497.9286
20
13.5905
30
258.8946
11
-498.9282
21
13.6215
31
258.8922
12
-498.8817
22
15.1208
32
258.8922
13
-497.8822
23
15.0898
33
258.8946
0
3DFACE
8
3D-COLECTOR-LOSA-SUPERIOR
10
-498.9313
20
13.5216
30
259.2500
11
-499.9308
21
13.5525
31
259.2500
12
-499.8781
22
15.2517
32
259.2500
13
-498.8786
23
15.2207
33
259.2500
0
3DFACE
8
3D-COLECTOR-MUROS
10
-498.9313
20
13.5216
30
258.3526
11
-499.9308
21
13.5525
31
258.3496
12
-499.9308
22
13.5525
32
259.2500
13
-498.9313
23
13.5216
33
259.2500
0
3DFACE
8
3D-COLECTOR-MUROS
10
-498.8786
20
15.2207
30
258.3526
11
-499.8781
21
15.2517
31
258.3496
12
-499.8781
22
15.2517
32
259.2500
13
-498.8786
23
15.2207
33
259.2500
0
3DFACE
8
3D-COLECTOR-LOSA-FONDO
10
-498.9313
20
13.5216
30
258.3526
11
-499.9308
21
13.5525
31
258.3496
12
-499.8781
22
15.2517
32
258.3496
13
-498.8786
23
15.2207
33
258.3526
0
3DFACE
8
3D-COLECTOR-INTERIOR
10
-498.9282
20
13.6215
30
258.5026
11
-499.9277
21
13.6525
31
258.4996
12
-499.8812
22
15.1518
32
258.4996
13
-498.8817
23
15.1208
33
258.5026
0
3DFACE
8
3D-COLECTOR-INTERIOR
10
-498.9282
20
13.6215
30
258.5026
11
-499.9277
21
13.6525
31
258.4996
12
-499.9277
22
13.6525
32
259.1500
13
-498.9282
23
13.6215
33
259.1500
0
3DFACE
8
3D-COLECTOR-INTERIOR
10
-498.8817
20
15.1208
30
258.5026
11
-499.8812
21
15.1518
31
258.4996
12
-499.8812
22
15.1518
32
259.1500
13
-498.8817
23
15.1208
33
259.1500
0
3DFACE
8
3D-COLECTOR-INTERIOR
10
-498.9282
20
13.6215
30
259.1500
11
-499.9277
21
13.6525
31
259.1500
12
-499.8812
22
15.1518
32
259.1500
13
-498.8817
23
15.1208
33
259.1500
0
3DFACE
8
3D-AGUA
10
-498.9282
20
13.6215
30
258.8922
11
-499.9277
21
13.6525
31
258.8898
12
-499.8812
22
15.1518
32
258.8898
13
-498.8817
23
15.1208
33
258.8922
0
3DFACE
8
3D-COLECTOR-LOSA-SUPERIOR
10
-499.9308
20
13.5525
30
259.2500
11
-500.9303
21
13.5835
31
259.2500
12
-500.8776
22
15.2827
32
259.2500
13
-499.8781
23
15.2517
33
259.2500
0
3DFACE
8
3D-COLECTOR-MUROS
10
-499.9308
20
13.5525
30
258.3496
11
-500.9303
21
13.5835
31
258.3465
12
-500.9303
22
13.5835
32
259.2500
13
-499.9308
23
13.5525
33
259.2500
0
3DFACE
8
3D-COLECTOR-MUROS
10
-499.8781
20
15.2517
30
258.3496
11
-500.8776
21
15.2827
31
258.3465
12
-500.8776
22
15.2827
32
259.2500
13
-499.8781
23
15.2517
33
259.2500
0
3DFACE
8
3D-COLECTOR-LOSA-FONDO
10
-499.9308
20
13.5525
30
258.3496
11
-500.9303
21
13.5835
31
258.3465
12
-500.8776
22
15.2827
32
258.3465
13
-499.8781
23
15.2517
33
258.3496
0
3DFACE
8
3D-COLECTOR-INTERIOR
10
-499.9277
20
13.6525
30
258.4996
11
-500.9272
21
13.6835
31
258.4965
12
-500.8807
22
15.1828
32
258.4965
13
-499.8812
23
15.1518
33
258.4996
0
3DFACE
8
3D-COLECTOR-INTERIOR
10
-499.9277
20
13.6525
30
258.4996
11
-500.9272
21
13.6835
31
258.4965
12
-500.9272
22
13.6835
32
259.1500
13
-499.9277
23
13.6525
33
259.1500
0
3DFACE
8
3D-COLECTOR-INTERIOR
10
-499.8812
20
15.1518
30
258.4996
11
-500.8807
21
15.1828
31
258.4965
12
-500.8807
22
15.1828
32
259.1500
13
-499.8812
23
15.1518
33
259.1500
0
3DFACE
8
3D-COLECTOR-INTERIOR
10
-499.9277
20
13.6525
30
259.1500
11
-500.9272
21
13.6835
31
259.1500
12
-500.8807
22
15.1828
32
259.1500
13
-499.8812
23
15.1518
33
259.1500
0
3DFACE
8
3D-AGUA
10
-499.9277
20
13.6525
30
258.8898
11
-500.9272
21
13.6835
31
258.8874
12
-500.8807
22
15.1828
32
258.8874
13
-499.8812
23
15.1518
33
258.8898
0
3DFACE
8
3D-COLECTOR-LOSA-SUPERIOR
10
-500.9303
20
13.5835
30
259.2500
11
-501.9298
21
13.6145
31
259.2500
12
-501.8771
22
15.3137
32
259.2500
13
-500.8776
23
15.2827
33
259.2500
0
3DFACE
8
3D-COLECTOR-MUROS
10
-500.9303
20
13.5835
30
258.3465
11
-501.9298
21
13.6145
31
258.3435
12
-501.9298
22
13.6145
32
259.2500
13
-500.9303
23
13.5835
33
259.2500
0
3DFACE
8
3D-COLECTOR-MUROS
10
-500.8776
20
15.2827
30
258.3465
11
-501.8771
21
15.3137
31
258.3435
12
-501.8771
22
15.3137
32
259.2500
13
-500.8776
23
15.2827
33
259.2500
0
3DFACE
8
3D-COLECTOR-LOSA-FONDO
10
-500.9303
20
13.5835
30
258.3465
11
-501.9298
21
13.6145
31
258.3435
12
-501.8771
22
15.3137
32
258.3435
13
-500.8776
23
15.2827
33
258.3465
0
3DFACE
8
3D-COLECTOR-INTERIOR
10
-500.9272
20
13.6835
30
258.4965
11
-501.9267
21
13.7145
31
258.4935
12
-501.8802
22
15.2138
32
258.4935
13
-500.8807
23
15.1828
33
258.4965
0
3DFACE
8
3D-COLECTOR-INTERIOR
10
-500.9272
20
13.6835
30
258.4965
11
-501.9267
21
13.7145
31
258.4935
12
-501.9267
22
13.7145
32
259.1500
13
-500.9272
23
13.6835
33
259.1500
0
3DFACE
8
3D-COLECTOR-INTERIOR
10
-500.8807
20
15.1828
30
258.4965
11
-501.8802
21
15.2138
31
258.4935
12
-501.8802
22
15.2138
32
259.1500
13
-500.8807
23
15.1828
33
259.1500
0
3DFACE
8
3D-COLECTOR-INTERIOR
10
-500.9272
20
13.6835
30
259.1500
11
-501.9267
21
13.7145
31
259.1500
12
-501.8802
22
15.2138
32
259.1500
13
-500.8807
23
15.1828
33
259.1500
0
3DFACE
8
3D-AGUA
10
-500.9272
20
13.6835
30
258.8874
11
-501.9267
21
13.7145
31
258.8850
12
-501.8802
22
15.2138
32
258.8850
13
-500.8807
23
15.1828
33
258.8874
0
3DFACE
8
3D-COLECTOR-LOSA-SUPERIOR
10
-501.9298
20
13.6145
30
259.2500
11
-502.9293
21
13.6455
31
259.2500
12
-502.8767
22
15.3447
32
259.2500
13
-501.8771
23
15.3137
33
259.2500
0
3DFACE
8
3D-COLECTOR-MUROS
10
-501.9298
20
13.6145
30
258.3435
11
-502.9293
21
13.6455
31
258.3405
12
-502.9293
22
13.6455
32
259.2500
13
-501.9298
23
13.6145
33
259.2500
0
3DFACE
8
3D-COLECTOR-MUROS
10
-501.8771
20
15.3137
30
258.3435
11
-502.8767
21
15.3447
31
258.3405
12
-502.8767
22
15.3447
32
259.2500
13
-501.8771
23
15.3137
33
259.2500
0
3DFACE
8
3D-COLECTOR-LOSA-FONDO
10
-501.9298
20
13.6145
30
258.3435
11
-502.9293
21
13.6455
31
258.3405
12
-502.8767
22
15.3447
32
258.3405
13
-501.8771
23
15.3137
33
258.3435
0
3DFACE
8
3D-COLECTOR-INTERIOR
10
-501.9267
20
13.7145
30
258.4935
11
-502.9262
21
13.7455
31
258.4905
12
-502.8798
22
15.2448
32
258.4905
13
-501.8802
23
15.2138
33
258.4935
0
3DFACE
8
3D-COLECTOR-INTERIOR
10
-501.9267
20
13.7145
30
258.4935
11
-502.9262
21
13.7455
31
258.4905
12
-502.9262
22
13.7455
32
259.1500
13
-501.9267
23
13.7145
33
259.1500
0
3DFACE
8
3D-COLECTOR-INTERIOR
10
-501.8802
20
15.2138
30
258.4935
11
-502.8798
21
15.2448
31
258.4905
12
-502.8798
22
15.2448
32
259.1500
13
-501.8802
23
15.2138
33
259.1500
0
3DFACE
8
3D-COLECTOR-INTERIOR
10
-501.9267
20
13.7145
30
259.1500
11
-502.9262
21
13.7455
31
259.1500
12
-502.8798
22
15.2448
32
259.1500
13
-501.8802
23
15.2138
33
259.1500
0
3DFACE
8
3D-AGUA
10
-501.9267
20
13.7145
30
258.8850
11
-502.9262
21
13.7455
31
258.8827
12
-502.8798
22
15.2448
32
258.8827
13
-501.8802
23
15.2138
33
258.8850
0
3DFACE
8
3D-COLECTOR-LOSA-SUPERIOR
10
-502.9293
20
13.6455
30
259.2500
11
-503.9289
21
13.6765
31
259.2500
12
-503.8762
22
15.3757
32
259.2500
13
-502.8767
23
15.3447
33
259.2500
0
3DFACE
8
3D-COLECTOR-MUROS
10
-502.9293
20
13.6455
30
258.3405
11
-503.9289
21
13.6765
31
258.3375
12
-503.9289
22
13.6765
32
259.2500
13
-502.9293
23
13.6455
33
259.2500
0
3DFACE
8
3D-COLECTOR-MUROS
10
-502.8767
20
15.3447
30
258.3405
11
-503.8762
21
15.3757
31
258.3375
12
-503.8762
22
15.3757
32
259.2500
13
-502.8767
23
15.3447
33
259.2500
0
3DFACE
8
3D-COLECTOR-LOSA-FONDO
10
-502.9293
20
13.6455
30
258.3405
11
-503.9289
21
13.6765
31
258.3375
12
-503.8762
22
15.3757
32
258.3375
13
-502.8767
23
15.3447
33
258.3405
0
3DFACE
8
3D-COLECTOR-INTERIOR
10
-502.9262
20
13.7455
30
258.4905
11
-503.9258
21
13.7765
31
258.4875
12
-503.8793
22
15.2757
32
258.4875
13
-502.8798
23
15.2448
33
258.4905
0
3DFACE
8
3D-COLECTOR-INTERIOR
10
-502.9262
20
13.7455
30
258.4905
11
-503.9258
21
13.7765
31
258.4875
12
-503.9258
22
13.7765
32
259.1500
13
-502.9262
23
13.7455
33
259.1500
0
3DFACE
8
3D-COLECTOR-INTERIOR
10
-502.8798
20
15.2448
30
258.4905
11
-503.8793
21
15.2757
31
258.4875
12
-503.8793
22
15.2757
32
259.1500
13
-502.8798
23
15.2448
33
259.1500
0
3DFACE
8
3D-COLECTOR-INTERIOR
10
-502.9262
20
13.7455
30
259.1500
11
-503.9258
21
13.7765
31
259.1500
12
-503.8793
22
15.2757
32
259.1500
13
-502.8798
23
15.2448
33
259.1500
0
3DFACE
8
3D-AGUA
10
-502.9262
20
13.7455
30
258.8827
11
-503.9258
21
13.7765
31
258.8803
12
-503.8793
22
15.2757
32
258.8803
13
-502.8798
23
15.2448
33
258.8827
0
3DFACE
8
3D-COLECTOR-LOSA-SUPERIOR
10
-503.9289
20
13.6765
30
259.2500
11
-504.9284
21
13.7075
31
259.2500
12
-504.8757
22
15.4067
32
259.2500
13
-503.8762
23
15.3757
33
259.2500
0
3DFACE
8
3D-COLECTOR-MUROS
10
-503.9289
20
13.6765
30
258.3375
11
-504.9284
21
13.7075
31
258.3345
12
-504.9284
22
13.7075
32
259.2500
13
-503.9289
23
13.6765
33
259.2500
0
3DFACE
8
3D-COLECTOR-MUROS
10
-503.8762
20
15.3757
30
258.3375
11
-504.8757
21
15.4067
31
258.3345
12
-504.8757
22
15.4067
32
259.2500
13
-503.8762
23
15.3757
33
259.2500
0
3DFACE
8
3D-COLECTOR-LOSA-FONDO
10
-503.9289
20
13.6765
30
258.3375
11
-504.9284
21
13.7075
31
258.3345
12
-504.8757
22
15.4067
32
258.3345
13
-503.8762
23
15.3757
33
258.3375
0
3DFACE
8
3D-COLECTOR-INTERIOR
10
-503.9258
20
13.7765
30
258.4875
11
-504.9253
21
13.8075
31
258.4845
12
-504.8788
22
15.3067
32
258.4845
13
-503.8793
23
15.2757
33
258.4875
0
3DFACE
8
3D-COLECTOR-INTERIOR
10
-503.9258
20
13.7765
30
258.4875
11
-504.9253
21
13.8075
31
258.4845
12
-504.9253
22
13.8075
32
259.1500
13
-503.9258
23
13.7765
33
259.1500
0
3DFACE
8
3D-COLECTOR-INTERIOR
10
-503.8793
20
15.2757
30
258.4875
11
-504.8788
21
15.3067
31
258.4845
12
-504.8788
22
15.3067
32
259.1500
13
-503.8793
23
15.2757
33
259.1500
0
3DFACE
8
3D-COLECTOR-INTERIOR
10
-503.9258
20
13.7765
30
259.1500
11
-504.9253
21
13.8075
31
259.1500
12
-504.8788
22
15.3067
32
259.1500
13
-503.8793
23
15.2757
33
259.1500
0
3DFACE
8
3D-AGUA
10
-503.9258
20
13.7765
30
258.8803
11
-504.9253
21
13.8075
31
258.8780
12
-504.8788
22
15.3067
32
258.8780
13
-503.8793
23
15.2757
33
258.8803
0
3DFACE
8
3D-COLECTOR-LOSA-SUPERIOR
10
-504.9284
20
13.7075
30
259.2500
11
-505.3446
21
13.7204
31
259.2500
12
-505.2919
22
15.4196
32
259.2500
13
-504.8757
23
15.4067
33
259.2500
0
3DFACE
8
3D-COLECTOR-MUROS
10
-504.9284
20
13.7075
30
258.3345
11
-505.3446
21
13.7204
31
258.3332
12
-505.3446
22
13.7204
32
259.2500
13
-504.9284
23
13.7075
33
259.2500
0
3DFACE
8
3D-COLECTOR-MUROS
10
-504.8757
20
15.4067
30
258.3345
11
-505.2919
21
15.4196
31
258.3332
12
-505.2919
22
15.4196
32
259.2500
13
-504.8757
23
15.4067
33
259.2500
0
3DFACE
8
3D-COLECTOR-LOSA-FONDO
10
-504.9284
20
13.7075
30
258.3345
11
-505.3446
21
13.7204
31
258.3332
12
-505.2919
22
15.4196
32
258.3332
13
-504.8757
23
15.4067
33
258.3345
0
3DFACE
8
3D-COLECTOR-INTERIOR
10
-504.9253
20
13.8075
30
258.4845
11
-505.3415
21
13.8204
31
258.4832
12
-505.2950
22
15.3196
32
258.4832
13
-504.8788
23
15.3067
33
258.4845
0
3DFACE
8
3D-COLECTOR-INTERIOR
10
-504.9253
20
13.8075
30
258.4845
11
-505.3415
21
13.8204
31
258.4832
12
-505.3415
22
13.8204
32
259.1500
13
-504.9253
23
13.8075
33
259.1500
0
3DFACE
8
3D-COLECTOR-INTERIOR
10
-504.8788
20
15.3067
30
258.4845
11
-505.2950
21
15.3196
31
258.4832
12
-505.2950
22
15.3196
32
259.1500
13
-504.8788
23
15.3067
33
259.1500
0
3DFACE
8
3D-COLECTOR-INTERIOR
10
-504.9253
20
13.8075
30
259.1500
11
-505.3415
21
13.8204
31
259.1500
12
-505.2950
22
15.3196
32
259.1500
13
-504.8788
23
15.3067
33
259.1500
0
3DFACE
8
3D-AGUA
10
-504.9253
20
13.8075
30
258.8780
11
-505.3415
21
13.8204
31
258.8775
12
-505.2950
22
15.3196
32
258.8775
13
-504.8788
23
15.3067
33
258.8780
0
3DFACE
8
3D-COLECTOR-LOSA-SUPERIOR
10
-505.3446
20
13.7204
30
259.2500
11
-506.0780
21
13.8730
31
259.1814
12
-505.6958
22
15.5295
32
259.1814
13
-505.2919
23
15.4196
33
259.2500
0
3DFACE
8
3D-COLECTOR-MUROS
10
-505.3446
20
13.7204
30
258.3332
11
-506.0780
21
13.8730
31
258.3314
12
-506.0780
22
13.8730
32
259.1814
13
-505.3446
23
13.7204
33
259.2500
0
3DFACE
8
3D-COLECTOR-MUROS
10
-505.2919
20
15.4196
30
258.3332
11
-505.6958
21
15.5295
31
258.3314
12
-505.6958
22
15.5295
32
259.1814
13
-505.2919
23
15.4196
33
259.2500
0
3DFACE
8
3D-COLECTOR-LOSA-FONDO
10
-505.3446
20
13.7204
30
258.3332
11
-506.0780
21
13.8730
31
258.3314
12
-505.6958
22
15.5295
32
258.3314
13
-505.2919
23
15.4196
33
258.3332
0
3DFACE
8
3D-COLECTOR-INTERIOR
10
-505.3415
20
13.8204
30
258.4832
11
-506.0555
21
13.9704
31
258.4814
12
-505.7183
22
15.4320
32
258.4814
13
-505.2950
23
15.3196
33
258.4832
0
3DFACE
8
3D-COLECTOR-INTERIOR
10
-505.3415
20
13.8204
30
258.4832
11
-506.0555
21
13.9704
31
258.4814
12
-506.0555
22
13.9704
32
259.0814
13
-505.3415
23
13.8204
33
259.1500
0
3DFACE
8
3D-COLECTOR-INTERIOR
10
-505.2950
20
15.3196
30
258.4832
11
-505.7183
21
15.4320
31
258.4814
12
-505.7183
22
15.4320
32
259.0814
13
-505.2950
23
15.3196
33
259.1500
0
3DFACE
8
3D-COLECTOR-INTERIOR
10
-505.3415
20
13.8204
30
259.1500
11
-506.0555
21
13.9704
31
259.0814
12
-505.7183
22
15.4320
32
259.0814
13
-505.2950
23
15.3196
33
259.1500
0
3DFACE
8
3D-AGUA
10
-505.3415
20
13.8204
30
258.8775
11
-506.0555
21
13.9704
31
258.8758
12
-505.7183
22
15.4320
32
258.8758
13
-505.2950
23
15.3196
33
258.8775
0
3DFACE
8
3D-COLECTOR-LOSA-SUPERIOR
10
-506.0780
20
13.8730
30
259.1814
11
-507.0524
21
14.0978
31
259.1784
12
-506.6702
22
15.7543
32
259.1784
13
-505.6958
23
15.5295
33
259.1814
0
3DFACE
8
3D-COLECTOR-MUROS
10
-506.0780
20
13.8730
30
258.3314
11
-507.0524
21
14.0978
31
258.3284
12
-507.0524
22
14.0978
32
259.1784
13
-506.0780
23
13.8730
33
259.1814
0
3DFACE
8
3D-COLECTOR-MUROS
10
-505.6958
20
15.5295
30
258.3314
11
-506.6702
21
15.7543
31
258.3284
12
-506.6702
22
15.7543
32
259.1784
13
-505.6958
23
15.5295
33
259.1814
0
3DFACE
8
3D-COLECTOR-LOSA-FONDO
10
-506.0780
20
13.8730
30
258.3314
11
-507.0524
21
14.0978
31
258.3284
12
-506.6702
22
15.7543
32
258.3284
13
-505.6958
23
15.5295
33
258.3314
0
3DFACE
8
3D-COLECTOR-INTERIOR
10
-506.0555
20
13.9704
30
258.4814
11
-507.0299
21
14.1952
31
258.4784
12
-506.6927
22
15.6568
32
258.4784
13
-505.7183
23
15.4320
33
258.4814
0
3DFACE
8
3D-COLECTOR-INTERIOR
10
-506.0555
20
13.9704
30
258.4814
11
-507.0299
21
14.1952
31
258.4784
12
-507.0299
22
14.1952
32
259.0784
13
-506.0555
23
13.9704
33
259.0814
0
3DFACE
8
3D-COLECTOR-INTERIOR
10
-505.7183
20
15.4320
30
258.4814
11
-506.6927
21
15.6568
31
258.4784
12
-506.6927
22
15.6568
32
259.0784
13
-505.7183
23
15.4320
33
259.0814
0
3DFACE
8
3D-COLECTOR-INTERIOR
10
-506.0555
20
13.9704
30
259.0814
11
-507.0299
21
14.1952
31
259.0784
12
-506.6927
22
15.6568
32
259.0784
13
-505.7183
23
15.4320
33
259.0814
0
3DFACE
8
3D-AGUA
10
-506.0555
20
13.9704
30
258.8758
11
-507.0299
21
14.1952
31
258.8735
12
-506.6927
22
15.6568
32
258.8735
13
-505.7183
23
15.4320
33
258.8758
0
3DFACE
8
3D-COLECTOR-LOSA-SUPERIOR
10
-507.0524
20
14.0978
30
259.1784
11
-508.0268
21
14.3226
31
259.1754
12
-507.6446
22
15.9791
32
259.1754
13
-506.6702
23
15.7543
33
259.1784
0
3DFACE
8
3D-COLECTOR-MUROS
10
-507.0524
20
14.0978
30
258.3284
11
-508.0268
21
14.3226
31
258.3254
12
-508.0268
22
14.3226
32
259.1754
13
-507.0524
23
14.0978
33
259.1784
0
3DFACE
8
3D-COLECTOR-MUROS
10
-506.6702
20
15.7543
30
258.3284
11
-507.6446
21
15.9791
31
258.3254
12
-507.6446
22
15.9791
32
259.1754
13
-506.6702
23
15.7543
33
259.1784
0
3DFACE
8
3D-COLECTOR-LOSA-FONDO
10
-507.0524
20
14.0978
30
258.3284
11
-508.0268
21
14.3226
31
258.3254
12
-507.6446
22
15.9791
32
258.3254
13
-506.6702
23
15.7543
33
258.3284
0
3DFACE
8
3D-COLECTOR-INTERIOR
10
-507.0299
20
14.1952
30
258.4784
11
-508.0043
21
14.4201
31
258.4754
12
-507.6671
22
15.8817
32
258.4754
13
-506.6927
23
15.6568
33
258.4784
0
3DFACE
8
3D-COLECTOR-INTERIOR
10
-507.0299
20
14.1952
30
258.4784
11
-508.0043
21
14.4201
31
258.4754
12
-508.0043
22
14.4201
32
259.0754
13
-507.0299
23
14.1952
33
259.0784
0
3DFACE
8
3D-COLECTOR-INTERIOR
10
-506.6927
20
15.6568
30
258.4784
11
-507.6671
21
15.8817
31
258.4754
12
-507.6671
22
15.8817
32
259.0754
13
-506.6927
23
15.6568
33
259.0784
0
3DFACE
8
3D-COLECTOR-INTERIOR
10
-507.0299
20
14.1952
30
259.0784
11
-508.0043
21
14.4201
31
259.0754
12
-507.6671
22
15.8817
32
259.0754
13
-506.6927
23
15.6568
33
259.0784
0
3DFACE
8
3D-AGUA
10
-507.0299
20
14.1952
30
258.8735
11
-508.0043
21
14.4201
31
258.8713
12
-507.6671
22
15.8817
32
258.8713
13
-506.6927
23
15.6568
33
258.8735
0
3DFACE
8
3D-COLECTOR-LOSA-SUPERIOR
10
-508.0268
20
14.3226
30
259.1754
11
-509.0012
21
14.5475
31
259.1724
12
-508.6190
22
16.2039
32
259.1724
13
-507.6446
23
15.9791
33
259.1754
0
3DFACE
8
3D-COLECTOR-MUROS
10
-508.0268
20
14.3226
30
258.3254
11
-509.0012
21
14.5475
31
258.3224
12
-509.0012
22
14.5475
32
259.1724
13
-508.0268
23
14.3226
33
259.1754
0
3DFACE
8
3D-COLECTOR-MUROS
10
-507.6446
20
15.9791
30
258.3254
11
-508.6190
21
16.2039
31
258.3224
12
-508.6190
22
16.2039
32
259.1724
13
-507.6446
23
15.9791
33
259.1754
0
3DFACE
8
3D-COLECTOR-LOSA-FONDO
10
-508.0268
20
14.3226
30
258.3254
11
-509.0012
21
14.5475
31
258.3224
12
-508.6190
22
16.2039
32
258.3224
13
-507.6446
23
15.9791
33
258.3254
0
3DFACE
8
3D-COLECTOR-INTERIOR
10
-508.0043
20
14.4201
30
258.4754
11
-508.9787
21
14.6449
31
258.4724
12
-508.6415
22
16.1065
32
258.4724
13
-507.6671
23
15.8817
33
258.4754
0
3DFACE
8
3D-COLECTOR-INTERIOR
10
-508.0043
20
14.4201
30
258.4754
11
-508.9787
21
14.6449
31
258.4724
12
-508.9787
22
14.6449
32
259.0724
13
-508.0043
23
14.4201
33
259.0754
0
3DFACE
8
3D-COLECTOR-INTERIOR
10
-507.6671
20
15.8817
30
258.4754
11
-508.6415
21
16.1065
31
258.4724
12
-508.6415
22
16.1065
32
259.0724
13
-507.6671
23
15.8817
33
259.0754
0
3DFACE
8
3D-COLECTOR-INTERIOR
10
-508.0043
20
14.4201
30
259.0754
11
-508.9787
21
14.6449
31
259.0724
12
-508.6415
22
16.1065
32
259.0724
13
-507.6671
23
15.8817
33
259.0754
0
3DFACE
8
3D-AGUA
10
-508.0043
20
14.4201
30
258.8713
11
-508.9787
21
14.6449
31
258.8691
12
-508.6415
22
16.1065
32
258.8691
13
-507.6671
23
15.8817
33
258.8713
0
3DFACE
8
3D-COLECTOR-LOSA-SUPERIOR
10
-509.0012
20
14.5475
30
259.1724
11
-509.9756
21
14.7723
31
259.1694
12
-509.5934
22
16.4288
32
259.1694
13
-508.6190
23
16.2039
33
259.1724
0
3DFACE
8
3D-COLECTOR-MUROS
10
-509.0012
20
14.5475
30
258.3224
11
-509.9756
21
14.7723
31
258.3194
12
-509.9756
22
14.7723
32
259.1694
13
-509.0012
23
14.5475
33
259.1724
0
3DFACE
8
3D-COLECTOR-MUROS
10
-508.6190
20
16.2039
30
258.3224
11
-509.5934
21
16.4288
31
258.3194
12
-509.5934
22
16.4288
32
259.1694
13
-508.6190
23
16.2039
33
259.1724
0
3DFACE
8
3D-COLECTOR-LOSA-FONDO
10
-509.0012
20
14.5475
30
258.3224
11
-509.9756
21
14.7723
31
258.3194
12
-509.5934
22
16.4288
32
258.3194
13
-508.6190
23
16.2039
33
258.3224
0
3DFACE
8
3D-COLECTOR-INTERIOR
10
-508.9787
20
14.6449
30
258.4724
11
-509.9531
21
14.8697
31
258.4694
12
-509.6159
22
16.3313
32
258.4694
13
-508.6415
23
16.1065
33
258.4724
0
3DFACE
8
3D-COLECTOR-INTERIOR
10
-508.9787
20
14.6449
30
258.4724
11
-509.9531
21
14.8697
31
258.4694
12
-509.9531
22
14.8697
32
259.0694
13
-508.9787
23
14.6449
33
259.0724
0
3DFACE
8
3D-COLECTOR-INTERIOR
10
-508.6415
20
16.1065
30
258.4724
11
-509.6159
21
16.3313
31
258.4694
12
-509.6159
22
16.3313
32
259.0694
13
-508.6415
23
16.1065
33
259.0724
0
3DFACE
8
3D-COLECTOR-INTERIOR
10
-508.9787
20
14.6449
30
259.0724
11
-509.9531
21
14.8697
31
259.0694
12
-509.6159
22
16.3313
32
259.0694
13
-508.6415
23
16.1065
33
259.0724
0
3DFACE
8
3D-AGUA
10
-508.9787
20
14.6449
30
258.8691
11
-509.9531
21
14.8697
31
258.8669
12
-509.6159
22
16.3313
32
258.8669
13
-508.6415
23
16.1065
33
258.8691
0
3DFACE
8
3D-COLECTOR-LOSA-SUPERIOR
10
-509.9756
20
14.7723
30
259.1694
11
-510.9500
21
14.9971
31
259.1663
12
-510.5678
22
16.6536
32
259.1663
13
-509.5934
23
16.4288
33
259.1694
0
3DFACE
8
3D-COLECTOR-MUROS
10
-509.9756
20
14.7723
30
258.3194
11
-510.9500
21
14.9971
31
258.3163
12
-510.9500
22
14.9971
32
259.1663
13
-509.9756
23
14.7723
33
259.1694
0
3DFACE
8
3D-COLECTOR-MUROS
10
-509.5934
20
16.4288
30
258.3194
11
-510.5678
21
16.6536
31
258.3163
12
-510.5678
22
16.6536
32
259.1663
13
-509.5934
23
16.4288
33
259.1694
0
3DFACE
8
3D-COLECTOR-LOSA-FONDO
10
-509.9756
20
14.7723
30
258.3194
11
-510.9500
21
14.9971
31
258.3163
12
-510.5678
22
16.6536
32
258.3163
13
-509.5934
23
16.4288
33
258.3194
0
3DFACE
8
3D-COLECTOR-INTERIOR
10
-509.9531
20
14.8697
30
258.4694
11
-510.9275
21
15.0946
31
258.4663
12
-510.5903
22
16.5562
32
258.4663
13
-509.6159
23
16.3313
33
258.4694
0
3DFACE
8
3D-COLECTOR-INTERIOR
10
-509.9531
20
14.8697
30
258.4694
11
-510.9275
21
15.0946
31
258.4663
12
-510.9275
22
15.0946
32
259.0663
13
-509.9531
23
14.8697
33
259.0694
0
3DFACE
8
3D-COLECTOR-INTERIOR
10
-509.6159
20
16.3313
30
258.4694
11
-510.5903
21
16.5562
31
258.4663
12
-510.5903
22
16.5562
32
259.0663
13
-509.6159
23
16.3313
33
259.0694
0
3DFACE
8
3D-COLECTOR-INTERIOR
10
-509.9531
20
14.8697
30
259.0694
11
-510.9275
21
15.0946
31
259.0663
12
-510.5903
22
16.5562
32
259.0663
13
-509.6159
23
16.3313
33
259.0694
0
3DFACE
8
3D-AGUA
10
-509.9531
20
14.8697
30
258.8669
11
-510.9275
21
15.0946
31
258.8647
12
-510.5903
22
16.5562
32
258.8647
13
-509.6159
23
16.3313
33
258.8669
0
3DFACE
8
3D-COLECTOR-LOSA-SUPERIOR
10
-510.9500
20
14.9971
30
259.1663
11
-511.9244
21
15.2220
31
259.1633
12
-511.5422
22
16.8784
32
259.1633
13
-510.5678
23
16.6536
33
259.1663
0
3DFACE
8
3D-COLECTOR-MUROS
10
-510.9500
20
14.9971
30
258.3163
11
-511.9244
21
15.2220
31
258.3133
12
-511.9244
22
15.2220
32
259.1633
13
-510.9500
23
14.9971
33
259.1663
0
3DFACE
8
3D-COLECTOR-MUROS
10
-510.5678
20
16.6536
30
258.3163
11
-511.5422
21
16.8784
31
258.3133
12
-511.5422
22
16.8784
32
259.1633
13
-510.5678
23
16.6536
33
259.1663
0
3DFACE
8
3D-COLECTOR-LOSA-FONDO
10
-510.9500
20
14.9971
30
258.3163
11
-511.9244
21
15.2220
31
258.3133
12
-511.5422
22
16.8784
32
258.3133
13
-510.5678
23
16.6536
33
258.3163
0
3DFACE
8
3D-COLECTOR-INTERIOR
10
-510.9275
20
15.0946
30
258.4663
11
-511.9019
21
15.3194
31
258.4633
12
-511.5647
22
16.7810
32
258.4633
13
-510.5903
23
16.5562
33
258.4663
0
3DFACE
8
3D-COLECTOR-INTERIOR
10
-510.9275
20
15.0946
30
258.4663
11
-511.9019
21
15.3194
31
258.4633
12
-511.9019
22
15.3194
32
259.0633
13
-510.9275
23
15.0946
33
259.0663
0
3DFACE
8
3D-COLECTOR-INTERIOR
10
-510.5903
20
16.5562
30
258.4663
11
-511.5647
21
16.7810
31
258.4633
12
-511.5647
22
16.7810
32
259.0633
13
-510.5903
23
16.5562
33
259.0663
0
3DFACE
8
3D-COLECTOR-INTERIOR
10
-510.9275
20
15.0946
30
259.0663
11
-511.9019
21
15.3194
31
259.0633
12
-511.5647
22
16.7810
32
259.0633
13
-510.5903
23
16.5562
33
259.0663
0
3DFACE
8
3D-AGUA
10
-510.9275
20
15.0946
30
258.8647
11
-511.9019
21
15.3194
31
258.8626
12
-511.5647
22
16.7810
32
258.8626
13
-510.5903
23
16.5562
33
258.8647
0
3DFACE
8
3D-COLECTOR-LOSA-SUPERIOR
10
-511.9244
20
15.2220
30
259.1633
11
-512.8988
21
15.4468
31
259.1603
12
-512.5166
22
17.1033
32
259.1603
13
-511.5422
23
16.8784
33
259.1633
0
3DFACE
8
3D-COLECTOR-MUROS
10
-511.9244
20
15.2220
30
258.3133
11
-512.8988
21
15.4468
31
258.3103
12
-512.8988
22
15.4468
32
259.1603
13
-511.9244
23
15.2220
33
259.1633
0
3DFACE
8
3D-COLECTOR-MUROS
10
-511.5422
20
16.8784
30
258.3133
11
-512.5166
21
17.1033
31
258.3103
12
-512.5166
22
17.1033
32
259.1603
13
-511.5422
23
16.8784
33
259.1633
0
3DFACE
8
3D-COLECTOR-LOSA-FONDO
10
-511.9244
20
15.2220
30
258.3133
11
-512.8988
21
15.4468
31
258.3103
12
-512.5166
22
17.1033
32
258.3103
13
-511.5422
23
16.8784
33
258.3133
0
3DFACE
8
3D-COLECTOR-INTERIOR
10
-511.9019
20
15.3194
30
258.4633
11
-512.8763
21
15.5442
31
258.4603
12
-512.5391
22
17.0058
32
258.4603
13
-511.5647
23
16.7810
33
258.4633
0
3DFACE
8
3D-COLECTOR-INTERIOR
10
-511.9019
20
15.3194
30
258.4633
11
-512.8763
21
15.5442
31
258.4603
12
-512.8763
22
15.5442
32
259.0603
13
-511.9019
23
15.3194
33
259.0633
0
3DFACE
8
3D-COLECTOR-INTERIOR
10
-511.5647
20
16.7810
30
258.4633
11
-512.5391
21
17.0058
31
258.4603
12
-512.5391
22
17.0058
32
259.0603
13
-511.5647
23
16.7810
33
259.0633
0
3DFACE
8
3D-COLECTOR-INTERIOR
10
-511.9019
20
15.3194
30
259.0633
11
-512.8763
21
15.5442
31
259.0603
12
-512.5391
22
17.0058
32
259.0603
13
-511.5647
23
16.7810
33
259.0633
0
3DFACE
8
3D-AGUA
10
-511.9019
20
15.3194
30
258.8626
11
-512.8763
21
15.5442
31
258.8605
12
-512.5391
22
17.0058
32
258.8605
13
-511.5647
23
16.7810
33
258.8626
0
3DFACE
8
3D-COLECTOR-LOSA-SUPERIOR
10
-512.8988
20
15.4468
30
259.1603
11
-513.8732
21
15.6716
31
259.1573
12
-513.4910
22
17.3281
32
259.1573
13
-512.5166
23
17.1033
33
259.1603
0
3DFACE
8
3D-COLECTOR-MUROS
10
-512.8988
20
15.4468
30
258.3103
11
-513.8732
21
15.6716
31
258.3073
12
-513.8732
22
15.6716
32
259.1573
13
-512.8988
23
15.4468
33
259.1603
0
3DFACE
8
3D-COLECTOR-MUROS
10
-512.5166
20
17.1033
30
258.3103
11
-513.4910
21
17.3281
31
258.3073
12
-513.4910
22
17.3281
32
259.1573
13
-512.5166
23
17.1033
33
259.1603
0
3DFACE
8
3D-COLECTOR-LOSA-FONDO
10
-512.8988
20
15.4468
30
258.3103
11
-513.8732
21
15.6716
31
258.3073
12
-513.4910
22
17.3281
32
258.3073
13
-512.5166
23
17.1033
33
258.3103
0
3DFACE
8
3D-COLECTOR-INTERIOR
10
-512.8763
20
15.5442
30
258.4603
11
-513.8507
21
15.7690
31
258.4573
12
-513.5135
22
17.2306
32
258.4573
13
-512.5391
23
17.0058
33
258.4603
0
3DFACE
8
3D-COLECTOR-INTERIOR
10
-512.8763
20
15.5442
30
258.4603
11
-513.8507
21
15.7690
31
258.4573
12
-513.8507
22
15.7690
32
259.0573
13
-512.8763
23
15.5442
33
259.0603
0
3DFACE
8
3D-COLECTOR-INTERIOR
10
-512.5391
20
17.0058
30
258.4603
11
-513.5135
21
17.2306
31
258.4573
12
-513.5135
22
17.2306
32
259.0573
13
-512.5391
23
17.0058
33
259.0603
0
3DFACE
8
3D-COLECTOR-INTERIOR
10
-512.8763
20
15.5442
30
259.0603
11
-513.8507
21
15.7690
31
259.0573
12
-513.5135
22
17.2306
32
259.0573
13
-512.5391
23
17.0058
33
259.0603
0
3DFACE
8
3D-AGUA
10
-512.8763
20
15.5442
30
258.8605
11
-513.8507
21
15.7690
31
258.8585
12
-513.5135
22
17.2306
32
258.8585
13
-512.5391
23
17.0058
33
258.8605
0
3DFACE
8
3D-COLECTOR-LOSA-SUPERIOR
10
-513.8732
20
15.6716
30
259.1573
11
-514.8476
21
15.8964
31
259.1543
12
-514.4654
22
17.5529
32
259.1543
13
-513.4910
23
17.3281
33
259.1573
0
3DFACE
8
3D-COLECTOR-MUROS
10
-513.8732
20
15.6716
30
258.3073
11
-514.8476
21
15.8964
31
258.3043
12
-514.8476
22
15.8964
32
259.1543
13
-513.8732
23
15.6716
33
259.1573
0
3DFACE
8
3D-COLECTOR-MUROS
10
-513.4910
20
17.3281
30
258.3073
11
-514.4654
21
17.5529
31
258.3043
12
-514.4654
22
17.5529
32
259.1543
13
-513.4910
23
17.3281
33
259.1573
0
3DFACE
8
3D-COLECTOR-LOSA-FONDO
10
-513.8732
20
15.6716
30
258.3073
11
-514.8476
21
15.8964
31
258.3043
12
-514.4654
22
17.5529
32
258.3043
13
-513.4910
23
17.3281
33
258.3073
0
3DFACE
8
3D-COLECTOR-INTERIOR
10
-513.8507
20
15.7690
30
258.4573
11
-514.8251
21
15.9939
31
258.4543
12
-514.4879
22
17.4555
32
258.4543
13
-513.5135
23
17.2306
33
258.4573
0
3DFACE
8
3D-COLECTOR-INTERIOR
10
-513.8507
20
15.7690
30
258.4573
11
-514.8251
21
15.9939
31
258.4543
12
-514.8251
22
15.9939
32
259.0543
13
-513.8507
23
15.7690
33
259.0573
0
3DFACE
8
3D-COLECTOR-INTERIOR
10
-513.5135
20
17.2306
30
258.4573
11
-514.4879
21
17.4555
31
258.4543
12
-514.4879
22
17.4555
32
259.0543
13
-513.5135
23
17.2306
33
259.0573
0
3DFACE
8
3D-COLECTOR-INTERIOR
10
-513.8507
20
15.7690
30
259.0573
11
-514.8251
21
15.9939
31
259.0543
12
-514.4879
22
17.4555
32
259.0543
13
-513.5135
23
17.2306
33
259.0573
0
3DFACE
8
3D-AGUA
10
-513.8507
20
15.7690
30
258.8585
11
-514.8251
21
15.9939
31
258.8564
12
-514.4879
22
17.4555
32
258.8564
13
-513.5135
23
17.2306
33
258.8585
0
3DFACE
8
3D-COLECTOR-LOSA-SUPERIOR
10
-514.8476
20
15.8964
30
259.1543
11
-515.8220
21
16.1213
31
259.1512
12
-515.4398
22
17.7777
32
259.1512
13
-514.4654
23
17.5529
33
259.1543
0
3DFACE
8
3D-COLECTOR-MUROS
10
-514.8476
20
15.8964
30
258.3043
11
-515.8220
21
16.1213
31
258.3012
12
-515.8220
22
16.1213
32
259.1512
13
-514.8476
23
15.8964
33
259.1543
0
3DFACE
8
3D-COLECTOR-MUROS
10
-514.4654
20
17.5529
30
258.3043
11
-515.4398
21
17.7777
31
258.3012
12
-515.4398
22
17.7777
32
259.1512
13
-514.4654
23
17.5529
33
259.1543
0
3DFACE
8
3D-COLECTOR-LOSA-FONDO
10
-514.8476
20
15.8964
30
258.3043
11
-515.8220
21
16.1213
31
258.3012
12
-515.4398
22
17.7777
32
258.3012
13
-514.4654
23
17.5529
33
258.3043
0
3DFACE
8
3D-COLECTOR-INTERIOR
10
-514.8251
20
15.9939
30
258.4543
11
-515.7995
21
16.2187
31
258.4512
12
-515.4623
22
17.6803
32
258.4512
13
-514.4879
23
17.4555
33
258.4543
0
3DFACE
8
3D-COLECTOR-INTERIOR
10
-514.8251
20
15.9939
30
258.4543
11
-515.7995
21
16.2187
31
258.4512
12
-515.7995
22
16.2187
32
259.0512
13
-514.8251
23
15.9939
33
259.0543
0
3DFACE
8
3D-COLECTOR-INTERIOR
10
-514.4879
20
17.4555
30
258.4543
11
-515.4623
21
17.6803
31
258.4512
12
-515.4623
22
17.6803
32
259.0512
13
-514.4879
23
17.4555
33
259.0543
0
3DFACE
8
3D-COLECTOR-INTERIOR
10
-514.8251
20
15.9939
30
259.0543
11
-515.7995
21
16.2187
31
259.0512
12
-515.4623
22
17.6803
32
259.0512
13
-514.4879
23
17.4555
33
259.0543
0
3DFACE
8
3D-AGUA
10
-514.8251
20
15.9939
30
258.8564
11
-515.7995
21
16.2187
31
258.8544
12
-515.4623
22
17.6803
32
258.8544
13
-514.4879
23
17.4555
33
258.8564
0
3DFACE
8
3D-COLECTOR-LOSA-SUPERIOR
10
-515.8220
20
16.1213
30
259.1512
11
-516.7964
21
16.3461
31
259.1482
12
-516.4142
22
18.0026
32
259.1482
13
-515.4398
23
17.7777
33
259.1512
0
3DFACE
8
3D-COLECTOR-MUROS
10
-515.8220
20
16.1213
30
258.3012
11
-516.7964
21
16.3461
31
258.2982
12
-516.7964
22
16.3461
32
259.1482
13
-515.8220
23
16.1213
33
259.1512
0
3DFACE
8
3D-COLECTOR-MUROS
10
-515.4398
20
17.7777
30
258.3012
11
-516.4142
21
18.0026
31
258.2982
12
-516.4142
22
18.0026
32
259.1482
13
-515.4398
23
17.7777
33
259.1512
0
3DFACE
8
3D-COLECTOR-LOSA-FONDO
10
-515.8220
20
16.1213
30
258.3012
11
-516.7964
21
16.3461
31
258.2982
12
-516.4142
22
18.0026
32
258.2982
13
-515.4398
23
17.7777
33
258.3012
0
3DFACE
8
3D-COLECTOR-INTERIOR
10
-515.7995
20
16.2187
30
258.4512
11
-516.7739
21
16.4435
31
258.4482
12
-516.4367
22
17.9051
32
258.4482
13
-515.4623
23
17.6803
33
258.4512
0
3DFACE
8
3D-COLECTOR-INTERIOR
10
-515.7995
20
16.2187
30
258.4512
11
-516.7739
21
16.4435
31
258.4482
12
-516.7739
22
16.4435
32
259.0482
13
-515.7995
23
16.2187
33
259.0512
0
3DFACE
8
3D-COLECTOR-INTERIOR
10
-515.4623
20
17.6803
30
258.4512
11
-516.4367
21
17.9051
31
258.4482
12
-516.4367
22
17.9051
32
259.0482
13
-515.4623
23
17.6803
33
259.0512
0
3DFACE
8
3D-COLECTOR-INTERIOR
10
-515.7995
20
16.2187
30
259.0512
11
-516.7739
21
16.4435
31
259.0482
12
-516.4367
22
17.9051
32
259.0482
13
-515.4623
23
17.6803
33
259.0512
0
3DFACE
8
3D-AGUA
10
-515.7995
20
16.2187
30
258.8544
11
-516.7739
21
16.4435
31
258.8524
12
-516.4367
22
17.9051
32
258.8524
13
-515.4623
23
17.6803
33
258.8544
0
3DFACE
8
3D-COLECTOR-LOSA-SUPERIOR
10
-516.7964
20
16.3461
30
259.1482
11
-517.7708
21
16.5709
31
259.1452
12
-517.3886
22
18.2274
32
259.1452
13
-516.4142
23
18.0026
33
259.1482
0
3DFACE
8
3D-COLECTOR-MUROS
10
-516.7964
20
16.3461
30
258.2982
11
-517.7708
21
16.5709
31
258.2952
12
-517.7708
22
16.5709
32
259.1452
13
-516.7964
23
16.3461
33
259.1482
0
3DFACE
8
3D-COLECTOR-MUROS
10
-516.4142
20
18.0026
30
258.2982
11
-517.3886
21
18.2274
31
258.2952
12
-517.3886
22
18.2274
32
259.1452
13
-516.4142
23
18.0026
33
259.1482
0
3DFACE
8
3D-COLECTOR-LOSA-FONDO
10
-516.7964
20
16.3461
30
258.2982
11
-517.7708
21
16.5709
31
258.2952
12
-517.3886
22
18.2274
32
258.2952
13
-516.4142
23
18.0026
33
258.2982
0
3DFACE
8
3D-COLECTOR-INTERIOR
10
-516.7739
20
16.4435
30
258.4482
11
-517.7483
21
16.6684
31
258.4452
12
-517.4111
22
18.1300
32
258.4452
13
-516.4367
23
17.9051
33
258.4482
0
3DFACE
8
3D-COLECTOR-INTERIOR
10
-516.7739
20
16.4435
30
258.4482
11
-517.7483
21
16.6684
31
258.4452
12
-517.7483
22
16.6684
32
259.0452
13
-516.7739
23
16.4435
33
259.0482
0
3DFACE
8
3D-COLECTOR-INTERIOR
10
-516.4367
20
17.9051
30
258.4482
11
-517.4111
21
18.1300
31
258.4452
12
-517.4111
22
18.1300
32
259.0452
13
-516.4367
23
17.9051
33
259.0482
0
3DFACE
8
3D-COLECTOR-INTERIOR
10
-516.7739
20
16.4435
30
259.0482
11
-517.7483
21
16.6684
31
259.0452
12
-517.4111
22
18.1300
32
259.0452
13
-516.4367
23
17.9051
33
259.0482
0
3DFACE
8
3D-AGUA
10
-516.7739
20
16.4435
30
258.8524
11
-517.7483
21
16.6684
31
258.8504
12
-517.4111
22
18.1300
32
258.8504
13
-516.4367
23
17.9051
33
258.8524
0
3DFACE
8
3D-COLECTOR-LOSA-SUPERIOR
10
-517.7708
20
16.5709
30
259.1452
11
-518.7452
21
16.7958
31
259.1422
12
-518.3630
22
18.4522
32
259.1422
13
-517.3886
23
18.2274
33
259.1452
0
3DFACE
8
3D-COLECTOR-MUROS
10
-517.7708
20
16.5709
30
258.2952
11
-518.7452
21
16.7958
31
258.2922
12
-518.7452
22
16.7958
32
259.1422
13
-517.7708
23
16.5709
33
259.1452
0
3DFACE
8
3D-COLECTOR-MUROS
10
-517.3886
20
18.2274
30
258.2952
11
-518.3630
21
18.4522
31
258.2922
12
-518.3630
22
18.4522
32
259.1422
13
-517.3886
23
18.2274
33
259.1452
0
3DFACE
8
3D-COLECTOR-LOSA-FONDO
10
-517.7708
20
16.5709
30
258.2952
11
-518.7452
21
16.7958
31
258.2922
12
-518.3630
22
18.4522
32
258.2922
13
-517.3886
23
18.2274
33
258.2952
0
3DFACE
8
3D-COLECTOR-INTERIOR
10
-517.7483
20
16.6684
30
258.4452
11
-518.7227
21
16.8932
31
258.4422
12
-518.3855
22
18.3548
32
258.4422
13
-517.4111
23
18.1300
33
258.4452
0
3DFACE
8
3D-COLECTOR-INTERIOR
10
-517.7483
20
16.6684
30
258.4452
11
-518.7227
21
16.8932
31
258.4422
12
-518.7227
22
16.8932
32
259.0422
13
-517.7483
23
16.6684
33
259.0452
0
3DFACE
8
3D-COLECTOR-INTERIOR
10
-517.4111
20
18.1300
30
258.4452
11
-518.3855
21
18.3548
31
258.4422
12
-518.3855
22
18.3548
32
259.0422
13
-517.4111
23
18.1300
33
259.0452
0
3DFACE
8
3D-COLECTOR-INTERIOR
10
-517.7483
20
16.6684
30
259.0452
11
-518.7227
21
16.8932
31
259.0422
12
-518.3855
22
18.3548
32
259.0422
13
-517.4111
23
18.1300
33
259.0452
0
3DFACE
8
3D-AGUA
10
-517.7483
20
16.6684
30
258.8504
11
-518.7227
21
16.8932
31
258.8485
12
-518.3855
22
18.3548
32
258.8485
13
-517.4111
23
18.1300
33
258.8504
0
3DFACE
8
3D-COLECTOR-LOSA-SUPERIOR
10
-518.7452
20
16.7958
30
259.1422
11
-519.7196
21
17.0206
31
259.1392
12
-519.3374
22
18.6771
32
259.1392
13
-518.3630
23
18.4522
33
259.1422
0
3DFACE
8
3D-COLECTOR-MUROS
10
-518.7452
20
16.7958
30
258.2922
11
-519.7196
21
17.0206
31
258.2892
12
-519.7196
22
17.0206
32
259.1392
13
-518.7452
23
16.7958
33
259.1422
0
3DFACE
8
3D-COLECTOR-MUROS
10
-518.3630
20
18.4522
30
258.2922
11
-519.3374
21
18.6771
31
258.2892
12
-519.3374
22
18.6771
32
259.1392
13
-518.3630
23
18.4522
33
259.1422
0
3DFACE
8
3D-COLECTOR-LOSA-FONDO
10
-518.7452
20
16.7958
30
258.2922
11
-519.7196
21
17.0206
31
258.2892
12
-519.3374
22
18.6771
32
258.2892
13
-518.3630
23
18.4522
33
258.2922
0
3DFACE
8
3D-COLECTOR-INTERIOR
10
-518.7227
20
16.8932
30
258.4422
11
-519.6971
21
17.1180
31
258.4392
12
-519.3598
22
18.5796
32
258.4392
13
-518.3855
23
18.3548
33
258.4422
0
3DFACE
8
3D-COLECTOR-INTERIOR
10
-518.7227
20
16.8932
30
258.4422
11
-519.6971
21
17.1180
31
258.4392
12
-519.6971
22
17.1180
32
259.0392
13
-518.7227
23
16.8932
33
259.0422
0
3DFACE
8
3D-COLECTOR-INTERIOR
10
-518.3855
20
18.3548
30
258.4422
11
-519.3598
21
18.5796
31
258.4392
12
-519.3598
22
18.5796
32
259.0392
13
-518.3855
23
18.3548
33
259.0422
0
3DFACE
8
3D-COLECTOR-INTERIOR
10
-518.7227
20
16.8932
30
259.0422
11
-519.6971
21
17.1180
31
259.0392
12
-519.3598
22
18.5796
32
259.0392
13
-518.3855
23
18.3548
33
259.0422
0
3DFACE
8
3D-AGUA
10
-518.7227
20
16.8932
30
258.8485
11
-519.6971
21
17.1180
31
258.8466
12
-519.3598
22
18.5796
32
258.8466
13
-518.3855
23
18.3548
33
258.8485
0
3DFACE
8
3D-COLECTOR-LOSA-SUPERIOR
10
-519.7196
20
17.0206
30
259.1392
11
-520.6940
21
17.2454
31
259.1361
12
-520.3118
22
18.9019
32
259.1361
13
-519.3374
23
18.6771
33
259.1392
0
3DFACE
8
3D-COLECTOR-MUROS
10
-519.7196
20
17.0206
30
258.2892
11
-520.6940
21
17.2454
31
258.2861
12
-520.6940
22
17.2454
32
259.1361
13
-519.7196
23
17.0206
33
259.1392
0
3DFACE
8
3D-COLECTOR-MUROS
10
-519.3374
20
18.6771
30
258.2892
11
-520.3118
21
18.9019
31
258.2861
12
-520.3118
22
18.9019
32
259.1361
13
-519.3374
23
18.6771
33
259.1392
0
3DFACE
8
3D-COLECTOR-LOSA-FONDO
10
-519.7196
20
17.0206
30
258.2892
11
-520.6940
21
17.2454
31
258.2861
12
-520.3118
22
18.9019
32
258.2861
13
-519.3374
23
18.6771
33
258.2892
0
3DFACE
8
3D-COLECTOR-INTERIOR
10
-519.6971
20
17.1180
30
258.4392
11
-520.6715
21
17.3429
31
258.4361
12
-520.3342
22
18.8044
32
258.4361
13
-519.3598
23
18.5796
33
258.4392
0
3DFACE
8
3D-COLECTOR-INTERIOR
10
-519.6971
20
17.1180
30
258.4392
11
-520.6715
21
17.3429
31
258.4361
12
-520.6715
22
17.3429
32
259.0361
13
-519.6971
23
17.1180
33
259.0392
0
3DFACE
8
3D-COLECTOR-INTERIOR
10
-519.3598
20
18.5796
30
258.4392
11
-520.3342
21
18.8044
31
258.4361
12
-520.3342
22
18.8044
32
259.0361
13
-519.3598
23
18.5796
33
259.0392
0
3DFACE
8
3D-COLECTOR-INTERIOR
10
-519.6971
20
17.1180
30
259.0392
11
-520.6715
21
17.3429
31
259.0361
12
-520.3342
22
18.8044
32
259.0361
13
-519.3598
23
18.5796
33
259.0392
0
3DFACE
8
3D-AGUA
10
-519.6971
20
17.1180
30
258.8466
11
-520.6715
21
17.3429
31
258.8447
12
-520.3342
22
18.8044
32
258.8447
13
-519.3598
23
18.5796
33
258.8466
0
3DFACE
8
3D-COLECTOR-LOSA-SUPERIOR
10
-520.6940
20
17.2454
30
259.1361
11
-521.6684
21
17.4702
31
259.1331
12
-521.2862
22
19.1267
32
259.1331
13
-520.3118
23
18.9019
33
259.1361
0
3DFACE
8
3D-COLECTOR-MUROS
10
-520.6940
20
17.2454
30
258.2861
11
-521.6684
21
17.4702
31
258.2831
12
-521.6684
22
17.4702
32
259.1331
13
-520.6940
23
17.2454
33
259.1361
0
3DFACE
8
3D-COLECTOR-MUROS
10
-520.3118
20
18.9019
30
258.2861
11
-521.2862
21
19.1267
31
258.2831
12
-521.2862
22
19.1267
32
259.1331
13
-520.3118
23
18.9019
33
259.1361
0
3DFACE
8
3D-COLECTOR-LOSA-FONDO
10
-520.6940
20
17.2454
30
258.2861
11
-521.6684
21
17.4702
31
258.2831
12
-521.2862
22
19.1267
32
258.2831
13
-520.3118
23
18.9019
33
258.2861
0
3DFACE
8
3D-COLECTOR-INTERIOR
10
-520.6715
20
17.3429
30
258.4361
11
-521.6459
21
17.5677
31
258.4331
12
-521.3086
22
19.0293
32
258.4331
13
-520.3342
23
18.8044
33
258.4361
0
3DFACE
8
3D-COLECTOR-INTERIOR
10
-520.6715
20
17.3429
30
258.4361
11
-521.6459
21
17.5677
31
258.4331
12
-521.6459
22
17.5677
32
259.0331
13
-520.6715
23
17.3429
33
259.0361
0
3DFACE
8
3D-COLECTOR-INTERIOR
10
-520.3342
20
18.8044
30
258.4361
11
-521.3086
21
19.0293
31
258.4331
12
-521.3086
22
19.0293
32
259.0331
13
-520.3342
23
18.8044
33
259.0361
0
3DFACE
8
3D-COLECTOR-INTERIOR
10
-520.6715
20
17.3429
30
259.0361
11
-521.6459
21
17.5677
31
259.0331
12
-521.3086
22
19.0293
32
259.0331
13
-520.3342
23
18.8044
33
259.0361
0
3DFACE
8
3D-AGUA
10
-520.6715
20
17.3429
30
258.8447
11
-521.6459
21
17.5677
31
258.8429
12
-521.3086
22
19.0293
32
258.8429
13
-520.3342
23
18.8044
33
258.8447
0
3DFACE
8
3D-COLECTOR-LOSA-SUPERIOR
10
-521.6684
20
17.4702
30
259.1331
11
-522.6428
21
17.6951
31
259.1301
12
-522.2606
22
19.3515
32
259.1301
13
-521.2862
23
19.1267
33
259.1331
0
3DFACE
8
3D-COLECTOR-MUROS
10
-521.6684
20
17.4702
30
258.2831
11
-522.6428
21
17.6951
31
258.2801
12
-522.6428
22
17.6951
32
259.1301
13
-521.6684
23
17.4702
33
259.1331
0
3DFACE
8
3D-COLECTOR-MUROS
10
-521.2862
20
19.1267
30
258.2831
11
-522.2606
21
19.3515
31
258.2801
12
-522.2606
22
19.3515
32
259.1301
13
-521.2862
23
19.1267
33
259.1331
0
3DFACE
8
3D-COLECTOR-LOSA-FONDO
10
-521.6684
20
17.4702
30
258.2831
11
-522.6428
21
17.6951
31
258.2801
12
-522.2606
22
19.3515
32
258.2801
13
-521.2862
23
19.1267
33
258.2831
0
3DFACE
8
3D-COLECTOR-INTERIOR
10
-521.6459
20
17.5677
30
258.4331
11
-522.6203
21
17.7925
31
258.4301
12
-522.2830
22
19.2541
32
258.4301
13
-521.3086
23
19.0293
33
258.4331
0
3DFACE
8
3D-COLECTOR-INTERIOR
10
-521.6459
20
17.5677
30
258.4331
11
-522.6203
21
17.7925
31
258.4301
12
-522.6203
22
17.7925
32
259.0301
13
-521.6459
23
17.5677
33
259.0331
0
3DFACE
8
3D-COLECTOR-INTERIOR
10
-521.3086
20
19.0293
30
258.4331
11
-522.2830
21
19.2541
31
258.4301
12
-522.2830
22
19.2541
32
259.0301
13
-521.3086
23
19.0293
33
259.0331
0
3DFACE
8
3D-COLECTOR-INTERIOR
10
-521.6459
20
17.5677
30
259.0331
11
-522.6203
21
17.7925
31
259.0301
12
-522.2830
22
19.2541
32
259.0301
13
-521.3086
23
19.0293
33
259.0331
0
3DFACE
8
3D-AGUA
10
-521.6459
20
17.5677
30
258.8429
11
-522.6203
21
17.7925
31
258.8410
12
-522.2830
22
19.2541
32
258.8410
13
-521.3086
23
19.0293
33
258.8429
0
3DFACE
8
3D-COLECTOR-LOSA-SUPERIOR
10
-522.6428
20
17.6951
30
259.1301
11
-523.6172
21
17.9199
31
259.1271
12
-523.2350
22
19.5764
32
259.1271
13
-522.2606
23
19.3515
33
259.1301
0
3DFACE
8
3D-COLECTOR-MUROS
10
-522.6428
20
17.6951
30
258.2801
11
-523.6172
21
17.9199
31
258.2771
12
-523.6172
22
17.9199
32
259.1271
13
-522.6428
23
17.6951
33
259.1301
0
3DFACE
8
3D-COLECTOR-MUROS
10
-522.2606
20
19.3515
30
258.2801
11
-523.2350
21
19.5764
31
258.2771
12
-523.2350
22
19.5764
32
259.1271
13
-522.2606
23
19.3515
33
259.1301
0
3DFACE
8
3D-COLECTOR-LOSA-FONDO
10
-522.6428
20
17.6951
30
258.2801
11
-523.6172
21
17.9199
31
258.2771
12
-523.2350
22
19.5764
32
258.2771
13
-522.2606
23
19.3515
33
258.2801
0
3DFACE
8
3D-COLECTOR-INTERIOR
10
-522.6203
20
17.7925
30
258.4301
11
-523.5947
21
18.0173
31
258.4271
12
-523.2574
22
19.4789
32
258.4271
13
-522.2830
23
19.2541
33
258.4301
0
3DFACE
8
3D-COLECTOR-INTERIOR
10
-522.6203
20
17.7925
30
258.4301
11
-523.5947
21
18.0173
31
258.4271
12
-523.5947
22
18.0173
32
259.0271
13
-522.6203
23
17.7925
33
259.0301
0
3DFACE
8
3D-COLECTOR-INTERIOR
10
-522.2830
20
19.2541
30
258.4301
11
-523.2574
21
19.4789
31
258.4271
12
-523.2574
22
19.4789
32
259.0271
13
-522.2830
23
19.2541
33
259.0301
0
3DFACE
8
3D-COLECTOR-INTERIOR
10
-522.6203
20
17.7925
30
259.0301
11
-523.5947
21
18.0173
31
259.0271
12
-523.2574
22
19.4789
32
259.0271
13
-522.2830
23
19.2541
33
259.0301
0
3DFACE
8
3D-AGUA
10
-522.6203
20
17.7925
30
258.8410
11
-523.5947
21
18.0173
31
258.8392
12
-523.2574
22
19.4789
32
258.8392
13
-522.2830
23
19.2541
33
258.8410
0
3DFACE
8
3D-COLECTOR-LOSA-SUPERIOR
10
-523.6172
20
17.9199
30
259.1271
11
-524.5916
21
18.1447
31
259.1241
12
-524.2094
22
19.8012
32
259.1241
13
-523.2350
23
19.5764
33
259.1271
0
3DFACE
8
3D-COLECTOR-MUROS
10
-523.6172
20
17.9199
30
258.2771
11
-524.5916
21
18.1447
31
258.2741
12
-524.5916
22
18.1447
32
259.1241
13
-523.6172
23
17.9199
33
259.1271
0
3DFACE
8
3D-COLECTOR-MUROS
10
-523.2350
20
19.5764
30
258.2771
11
-524.2094
21
19.8012
31
258.2741
12
-524.2094
22
19.8012
32
259.1241
13
-523.2350
23
19.5764
33
259.1271
0
3DFACE
8
3D-COLECTOR-LOSA-FONDO
10
-523.6172
20
17.9199
30
258.2771
11
-524.5916
21
18.1447
31
258.2741
12
-524.2094
22
19.8012
32
258.2741
13
-523.2350
23
19.5764
33
258.2771
0
3DFACE
8
3D-COLECTOR-INTERIOR
10
-523.5947
20
18.0173
30
258.4271
11
-524.5691
21
18.2422
31
258.4241
12
-524.2318
22
19.7038
32
258.4241
13
-523.2574
23
19.4789
33
258.4271
0
3DFACE
8
3D-COLECTOR-INTERIOR
10
-523.5947
20
18.0173
30
258.4271
11
-524.5691
21
18.2422
31
258.4241
12
-524.5691
22
18.2422
32
259.0241
13
-523.5947
23
18.0173
33
259.0271
0
3DFACE
8
3D-COLECTOR-INTERIOR
10
-523.2574
20
19.4789
30
258.4271
11
-524.2318
21
19.7038
31
258.4241
12
-524.2318
22
19.7038
32
259.0241
13
-523.2574
23
19.4789
33
259.0271
0
3DFACE
8
3D-COLECTOR-INTERIOR
10
-523.5947
20
18.0173
30
259.0271
11
-524.5691
21
18.2422
31
259.0241
12
-524.2318
22
19.7038
32
259.0241
13
-523.2574
23
19.4789
33
259.0271
0
3DFACE
8
3D-AGUA
10
-523.5947
20
18.0173
30
258.8392
11
-524.5691
21
18.2422
31
258.8375
12
-524.2318
22
19.7038
32
258.8375
13
-523.2574
23
19.4789
33
258.8392
0
3DFACE
8
3D-COLECTOR-LOSA-SUPERIOR
10
-524.5916
20
18.1447
30
259.1241
11
-525.5660
21
18.3696
31
259.1210
12
-525.1838
22
20.0260
32
259.1210
13
-524.2094
23
19.8012
33
259.1241
0
3DFACE
8
3D-COLECTOR-MUROS
10
-524.5916
20
18.1447
30
258.2741
11
-525.5660
21
18.3696
31
258.2710
12
-525.5660
22
18.3696
32
259.1210
13
-524.5916
23
18.1447
33
259.1241
0
3DFACE
8
3D-COLECTOR-MUROS
10
-524.2094
20
19.8012
30
258.2741
11
-525.1838
21
20.0260
31
258.2710
12
-525.1838
22
20.0260
32
259.1210
13
-524.2094
23
19.8012
33
259.1241
0
3DFACE
8
3D-COLECTOR-LOSA-FONDO
10
-524.5916
20
18.1447
30
258.2741
11
-525.5660
21
18.3696
31
258.2710
12
-525.1838
22
20.0260
32
258.2710
13
-524.2094
23
19.8012
33
258.2741
0
3DFACE
8
3D-COLECTOR-INTERIOR
10
-524.5691
20
18.2422
30
258.4241
11
-525.5435
21
18.4670
31
258.4210
12
-525.2062
22
19.9286
32
258.4210
13
-524.2318
23
19.7038
33
258.4241
0
3DFACE
8
3D-COLECTOR-INTERIOR
10
-524.5691
20
18.2422
30
258.4241
11
-525.5435
21
18.4670
31
258.4210
12
-525.5435
22
18.4670
32
259.0210
13
-524.5691
23
18.2422
33
259.0241
0
3DFACE
8
3D-COLECTOR-INTERIOR
10
-524.2318
20
19.7038
30
258.4241
11
-525.2062
21
19.9286
31
258.4210
12
-525.2062
22
19.9286
32
259.0210
13
-524.2318
23
19.7038
33
259.0241
0
3DFACE
8
3D-COLECTOR-INTERIOR
10
-524.5691
20
18.2422
30
259.0241
11
-525.5435
21
18.4670
31
259.0210
12
-525.2062
22
19.9286
32
259.0210
13
-524.2318
23
19.7038
33
259.0241
0
3DFACE
8
3D-AGUA
10
-524.5691
20
18.2422
30
258.8375
11
-525.5435
21
18.4670
31
258.8357
12
-525.2062
22
19.9286
32
258.8357
13
-524.2318
23
19.7038
33
258.8375
0
3DFACE
8
3D-COLECTOR-LOSA-SUPERIOR
10
-525.5660
20
18.3696
30
259.1210
11
-526.5404
21
18.5944
31
259.1180
12
-526.1582
22
20.2509
32
259.1180
13
-525.1838
23
20.0260
33
259.1210
0
3DFACE
8
3D-COLECTOR-MUROS
10
-525.5660
20
18.3696
30
258.2710
11
-526.5404
21
18.5944
31
258.2680
12
-526.5404
22
18.5944
32
259.1180
13
-525.5660
23
18.3696
33
259.1210
0
3DFACE
8
3D-COLECTOR-MUROS
10
-525.1838
20
20.0260
30
258.2710
11
-526.1582
21
20.2509
31
258.2680
12
-526.1582
22
20.2509
32
259.1180
13
-525.1838
23
20.0260
33
259.1210
0
3DFACE
8
3D-COLECTOR-LOSA-FONDO
10
-525.5660
20
18.3696
30
258.2710
11
-526.5404
21
18.5944
31
258.2680
12
-526.1582
22
20.2509
32
258.2680
13
-525.1838
23
20.0260
33
258.2710
0
3DFACE
8
3D-COLECTOR-INTERIOR
10
-525.5435
20
18.4670
30
258.4210
11
-526.5179
21
18.6918
31
258.4180
12
-526.1806
22
20.1534
32
258.4180
13
-525.2062
23
19.9286
33
258.4210
0
3DFACE
8
3D-COLECTOR-INTERIOR
10
-525.5435
20
18.4670
30
258.4210
11
-526.5179
21
18.6918
31
258.4180
12
-526.5179
22
18.6918
32
259.0180
13
-525.5435
23
18.4670
33
259.0210
0
3DFACE
8
3D-COLECTOR-INTERIOR
10
-525.2062
20
19.9286
30
258.4210
11
-526.1806
21
20.1534
31
258.4180
12
-526.1806
22
20.1534
32
259.0180
13
-525.2062
23
19.9286
33
259.0210
0
3DFACE
8
3D-COLECTOR-INTERIOR
10
-525.5435
20
18.4670
30
259.0210
11
-526.5179
21
18.6918
31
259.0180
12
-526.1806
22
20.1534
32
259.0180
13
-525.2062
23
19.9286
33
259.0210
0
3DFACE
8
3D-AGUA
10
-525.5435
20
18.4670
30
258.8357
11
-526.5179
21
18.6918
31
258.8340
12
-526.1806
22
20.1534
32
258.8340
13
-525.2062
23
19.9286
33
258.8357
0
3DFACE
8
3D-COLECTOR-LOSA-SUPERIOR
10
-526.5404
20
18.5944
30
259.1180
11
-527.5148
21
18.8192
31
259.1150
12
-527.1326
22
20.4757
32
259.1150
13
-526.1582
23
20.2509
33
259.1180
0
3DFACE
8
3D-COLECTOR-MUROS
10
-526.5404
20
18.5944
30
258.2680
11
-527.5148
21
18.8192
31
258.2650
12
-527.5148
22
18.8192
32
259.1150
13
-526.5404
23
18.5944
33
259.1180
0
3DFACE
8
3D-COLECTOR-MUROS
10
-526.1582
20
20.2509
30
258.2680
11
-527.1326
21
20.4757
31
258.2650
12
-527.1326
22
20.4757
32
259.1150
13
-526.1582
23
20.2509
33
259.1180
0
3DFACE
8
3D-COLECTOR-LOSA-FONDO
10
-526.5404
20
18.5944
30
258.2680
11
-527.5148
21
18.8192
31
258.2650
12
-527.1326
22
20.4757
32
258.2650
13
-526.1582
23
20.2509
33
258.2680
0
3DFACE
8
3D-COLECTOR-INTERIOR
10
-526.5179
20
18.6918
30
258.4180
11
-527.4923
21
18.9167
31
258.4150
12
-527.1550
22
20.3783
32
258.4150
13
-526.1806
23
20.1534
33
258.4180
0
3DFACE
8
3D-COLECTOR-INTERIOR
10
-526.5179
20
18.6918
30
258.4180
11
-527.4923
21
18.9167
31
258.4150
12
-527.4923
22
18.9167
32
259.0150
13
-526.5179
23
18.6918
33
259.0180
0
3DFACE
8
3D-COLECTOR-INTERIOR
10
-526.1806
20
20.1534
30
258.4180
11
-527.1550
21
20.3783
31
258.4150
12
-527.1550
22
20.3783
32
259.0150
13
-526.1806
23
20.1534
33
259.0180
0
3DFACE
8
3D-COLECTOR-INTERIOR
10
-526.5179
20
18.6918
30
259.0180
11
-527.4923
21
18.9167
31
259.0150
12
-527.1550
22
20.3783
32
259.0150
13
-526.1806
23
20.1534
33
259.0180
0
3DFACE
8
3D-AGUA
10
-526.5179
20
18.6918
30
258.8340
11
-527.4923
21
18.9167
31
258.8323
12
-527.1550
22
20.3783
32
258.8323
13
-526.1806
23
20.1534
33
258.8340
0
3DFACE
8
3D-COLECTOR-LOSA-SUPERIOR
10
-527.5148
20
18.8192
30
259.1150
11
-528.4892
21
19.0440
31
259.1120
12
-528.1069
22
20.7005
32
259.1120
13
-527.1326
23
20.4757
33
259.1150
0
3DFACE
8
3D-COLECTOR-MUROS
10
-527.5148
20
18.8192
30
258.2650
11
-528.4892
21
19.0440
31
258.2620
12
-528.4892
22
19.0440
32
259.1120
13
-527.5148
23
18.8192
33
259.1150
0
3DFACE
8
3D-COLECTOR-MUROS
10
-527.1326
20
20.4757
30
258.2650
11
-528.1069
21
20.7005
31
258.2620
12
-528.1069
22
20.7005
32
259.1120
13
-527.1326
23
20.4757
33
259.1150
0
3DFACE
8
3D-COLECTOR-LOSA-FONDO
10
-527.5148
20
18.8192
30
258.2650
11
-528.4892
21
19.0440
31
258.2620
12
-528.1069
22
20.7005
32
258.2620
13
-527.1326
23
20.4757
33
258.2650
0
3DFACE
8
3D-COLECTOR-INTERIOR
10
-527.4923
20
18.9167
30
258.4150
11
-528.4667
21
19.1415
31
258.4120
12
-528.1294
22
20.6031
32
258.4120
13
-527.1550
23
20.3783
33
258.4150
0
3DFACE
8
3D-COLECTOR-INTERIOR
10
-527.4923
20
18.9167
30
258.4150
11
-528.4667
21
19.1415
31
258.4120
12
-528.4667
22
19.1415
32
259.0120
13
-527.4923
23
18.9167
33
259.0150
0
3DFACE
8
3D-COLECTOR-INTERIOR
10
-527.1550
20
20.3783
30
258.4150
11
-528.1294
21
20.6031
31
258.4120
12
-528.1294
22
20.6031
32
259.0120
13
-527.1550
23
20.3783
33
259.0150
0
3DFACE
8
3D-COLECTOR-INTERIOR
10
-527.4923
20
18.9167
30
259.0150
11
-528.4667
21
19.1415
31
259.0120
12
-528.1294
22
20.6031
32
259.0120
13
-527.1550
23
20.3783
33
259.0150
0
3DFACE
8
3D-AGUA
10
-527.4923
20
18.9167
30
258.8323
11
-528.4667
21
19.1415
31
258.8306
12
-528.1294
22
20.6031
32
258.8306
13
-527.1550
23
20.3783
33
258.8323
0
3DFACE
8
3D-COLECTOR-LOSA-SUPERIOR
10
-528.4892
20
19.0440
30
259.1120
11
-529.4636
21
19.2689
31
259.1090
12
-529.0813
22
20.9253
32
259.1090
13
-528.1069
23
20.7005
33
259.1120
0
3DFACE
8
3D-COLECTOR-MUROS
10
-528.4892
20
19.0440
30
258.2620
11
-529.4636
21
19.2689
31
258.2590
12
-529.4636
22
19.2689
32
259.1090
13
-528.4892
23
19.0440
33
259.1120
0
3DFACE
8
3D-COLECTOR-MUROS
10
-528.1069
20
20.7005
30
258.2620
11
-529.0813
21
20.9253
31
258.2590
12
-529.0813
22
20.9253
32
259.1090
13
-528.1069
23
20.7005
33
259.1120
0
3DFACE
8
3D-COLECTOR-LOSA-FONDO
10
-528.4892
20
19.0440
30
258.2620
11
-529.4636
21
19.2689
31
258.2590
12
-529.0813
22
20.9253
32
258.2590
13
-528.1069
23
20.7005
33
258.2620
0
3DFACE
8
3D-COLECTOR-INTERIOR
10
-528.4667
20
19.1415
30
258.4120
11
-529.4411
21
19.3663
31
258.4090
12
-529.1038
22
20.8279
32
258.4090
13
-528.1294
23
20.6031
33
258.4120
0
3DFACE
8
3D-COLECTOR-INTERIOR
10
-528.4667
20
19.1415
30
258.4120
11
-529.4411
21
19.3663
31
258.4090
12
-529.4411
22
19.3663
32
259.0090
13
-528.4667
23
19.1415
33
259.0120
0
3DFACE
8
3D-COLECTOR-INTERIOR
10
-528.1294
20
20.6031
30
258.4120
11
-529.1038
21
20.8279
31
258.4090
12
-529.1038
22
20.8279
32
259.0090
13
-528.1294
23
20.6031
33
259.0120
0
3DFACE
8
3D-COLECTOR-INTERIOR
10
-528.4667
20
19.1415
30
259.0120
11
-529.4411
21
19.3663
31
259.0090
12
-529.1038
22
20.8279
32
259.0090
13
-528.1294
23
20.6031
33
259.0120
0
3DFACE
8
3D-AGUA
10
-528.4667
20
19.1415
30
258.8306
11
-529.4411
21
19.3663
31
258.8290
12
-529.1038
22
20.8279
32
258.8290
13
-528.1294
23
20.6031
33
258.8306
0
3DFACE
8
3D-COLECTOR-LOSA-SUPERIOR
10
-529.4636
20
19.2689
30
259.1090
11
-530.4380
21
19.4937
31
259.1059
12
-530.0557
22
21.1502
32
259.1059
13
-529.0813
23
20.9253
33
259.1090
0
3DFACE
8
3D-COLECTOR-MUROS
10
-529.4636
20
19.2689
30
258.2590
11
-530.4380
21
19.4937
31
258.2559
12
-530.4380
22
19.4937
32
259.1059
13
-529.4636
23
19.2689
33
259.1090
0
3DFACE
8
3D-COLECTOR-MUROS
10
-529.0813
20
20.9253
30
258.2590
11
-530.0557
21
21.1502
31
258.2559
12
-530.0557
22
21.1502
32
259.1059
13
-529.0813
23
20.9253
33
259.1090
0
3DFACE
8
3D-COLECTOR-LOSA-FONDO
10
-529.4636
20
19.2689
30
258.2590
11
-530.4380
21
19.4937
31
258.2559
12
-530.0557
22
21.1502
32
258.2559
13
-529.0813
23
20.9253
33
258.2590
0
3DFACE
8
3D-COLECTOR-INTERIOR
10
-529.4411
20
19.3663
30
258.4090
11
-530.4155
21
19.5911
31
258.4059
12
-530.0782
22
21.0527
32
258.4059
13
-529.1038
23
20.8279
33
258.4090
0
3DFACE
8
3D-COLECTOR-INTERIOR
10
-529.4411
20
19.3663
30
258.4090
11
-530.4155
21
19.5911
31
258.4059
12
-530.4155
22
19.5911
32
259.0059
13
-529.4411
23
19.3663
33
259.0090
0
3DFACE
8
3D-COLECTOR-INTERIOR
10
-529.1038
20
20.8279
30
258.4090
11
-530.0782
21
21.0527
31
258.4059
12
-530.0782
22
21.0527
32
259.0059
13
-529.1038
23
20.8279
33
259.0090
0
3DFACE
8
3D-COLECTOR-INTERIOR
10
-529.4411
20
19.3663
30
259.0090
11
-530.4155
21
19.5911
31
259.0059
12
-530.0782
22
21.0527
32
259.0059
13
-529.1038
23
20.8279
33
259.0090
0
3DFACE
8
3D-AGUA
10
-529.4411
20
19.3663
30
258.8290
11
-530.4155
21
19.5911
31
258.8274
12
-530.0782
22
21.0527
32
258.8274
13
-529.1038
23
20.8279
33
258.8290
0
3DFACE
8
3D-COLECTOR-LOSA-SUPERIOR
10
-530.4380
20
19.4937
30
259.1059
11
-531.4124
21
19.7185
31
259.1029
12
-531.0301
22
21.3750
32
259.1029
13
-530.0557
23
21.1502
33
259.1059
0
3DFACE
8
3D-COLECTOR-MUROS
10
-530.4380
20
19.4937
30
258.2559
11
-531.4124
21
19.7185
31
258.2529
12
-531.4124
22
19.7185
32
259.1029
13
-530.4380
23
19.4937
33
259.1059
0
3DFACE
8
3D-COLECTOR-MUROS
10
-530.0557
20
21.1502
30
258.2559
11
-531.0301
21
21.3750
31
258.2529
12
-531.0301
22
21.3750
32
259.1029
13
-530.0557
23
21.1502
33
259.1059
0
3DFACE
8
3D-COLECTOR-LOSA-FONDO
10
-530.4380
20
19.4937
30
258.2559
11
-531.4124
21
19.7185
31
258.2529
12
-531.0301
22
21.3750
32
258.2529
13
-530.0557
23
21.1502
33
258.2559
0
3DFACE
8
3D-COLECTOR-INTERIOR
10
-530.4155
20
19.5911
30
258.4059
11
-531.3899
21
19.8160
31
258.4029
12
-531.0526
22
21.2776
32
258.4029
13
-530.0782
23
21.0527
33
258.4059
0
3DFACE
8
3D-COLECTOR-INTERIOR
10
-530.4155
20
19.5911
30
258.4059
11
-531.3899
21
19.8160
31
258.4029
12
-531.3899
22
19.8160
32
259.0029
13
-530.4155
23
19.5911
33
259.0059
0
3DFACE
8
3D-COLECTOR-INTERIOR
10
-530.0782
20
21.0527
30
258.4059
11
-531.0526
21
21.2776
31
258.4029
12
-531.0526
22
21.2776
32
259.0029
13
-530.0782
23
21.0527
33
259.0059
0
3DFACE
8
3D-COLECTOR-INTERIOR
10
-530.4155
20
19.5911
30
259.0059
11
-531.3899
21
19.8160
31
259.0029
12
-531.0526
22
21.2776
32
259.0029
13
-530.0782
23
21.0527
33
259.0059
0
3DFACE
8
3D-AGUA
10
-530.4155
20
19.5911
30
258.8274
11
-531.3899
21
19.8160
31
258.8258
12
-531.0526
22
21.2776
32
258.8258
13
-530.0782
23
21.0527
33
258.8274
0
3DFACE
8
3D-COLECTOR-LOSA-SUPERIOR
10
-531.4124
20
19.7185
30
259.1029
11
-532.3868
21
19.9434
31
259.0999
12
-532.0045
22
21.5998
32
259.0999
13
-531.0301
23
21.3750
33
259.1029
0
3DFACE
8
3D-COLECTOR-MUROS
10
-531.4124
20
19.7185
30
258.2529
11
-532.3868
21
19.9434
31
258.2499
12
-532.3868
22
19.9434
32
259.0999
13
-531.4124
23
19.7185
33
259.1029
0
3DFACE
8
3D-COLECTOR-MUROS
10
-531.0301
20
21.3750
30
258.2529
11
-532.0045
21
21.5998
31
258.2499
12
-532.0045
22
21.5998
32
259.0999
13
-531.0301
23
21.3750
33
259.1029
0
3DFACE
8
3D-COLECTOR-LOSA-FONDO
10
-531.4124
20
19.7185
30
258.2529
11
-532.3868
21
19.9434
31
258.2499
12
-532.0045
22
21.5998
32
258.2499
13
-531.0301
23
21.3750
33
258.2529
0
3DFACE
8
3D-COLECTOR-INTERIOR
10
-531.3899
20
19.8160
30
258.4029
11
-532.3643
21
20.0408
31
258.3999
12
-532.0270
22
21.5024
32
258.3999
13
-531.0526
23
21.2776
33
258.4029
0
3DFACE
8
3D-COLECTOR-INTERIOR
10
-531.3899
20
19.8160
30
258.4029
11
-532.3643
21
20.0408
31
258.3999
12
-532.3643
22
20.0408
32
258.9999
13
-531.3899
23
19.8160
33
259.0029
0
3DFACE
8
3D-COLECTOR-INTERIOR
10
-531.0526
20
21.2776
30
258.4029
11
-532.0270
21
21.5024
31
258.3999
12
-532.0270
22
21.5024
32
258.9999
13
-531.0526
23
21.2776
33
259.0029
0
3DFACE
8
3D-COLECTOR-INTERIOR
10
-531.3899
20
19.8160
30
259.0029
11
-532.3643
21
20.0408
31
258.9999
12
-532.0270
22
21.5024
32
258.9999
13
-531.0526
23
21.2776
33
259.0029
0
3DFACE
8
3D-AGUA
10
-531.3899
20
19.8160
30
258.8258
11
-532.3643
21
20.0408
31
258.8242
12
-532.0270
22
21.5024
32
258.8242
13
-531.0526
23
21.2776
33
258.8258
0
3DFACE
8
3D-COLECTOR-LOSA-SUPERIOR
10
-532.3868
20
19.9434
30
259.0999
11
-533.2798
21
20.1494
31
259.0971
12
-532.8975
22
21.8059
32
259.0971
13
-532.0045
23
21.5998
33
259.0999
0
3DFACE
8
3D-COLECTOR-MUROS
10
-532.3868
20
19.9434
30
258.2499
11
-533.2798
21
20.1494
31
258.2471
12
-533.2798
22
20.1494
32
259.0971
13
-532.3868
23
19.9434
33
259.0999
0
3DFACE
8
3D-COLECTOR-MUROS
10
-532.0045
20
21.5998
30
258.2499
11
-532.8975
21
21.8059
31
258.2471
12
-532.8975
22
21.8059
32
259.0971
13
-532.0045
23
21.5998
33
259.0999
0
3DFACE
8
3D-COLECTOR-LOSA-FONDO
10
-532.3868
20
19.9434
30
258.2499
11
-533.2798
21
20.1494
31
258.2471
12
-532.8975
22
21.8059
32
258.2471
13
-532.0045
23
21.5998
33
258.2499
0
3DFACE
8
3D-COLECTOR-INTERIOR
10
-532.3643
20
20.0408
30
258.3999
11
-533.2573
21
20.2468
31
258.3971
12
-532.9200
22
21.7084
32
258.3971
13
-532.0270
23
21.5024
33
258.3999
0
3DFACE
8
3D-COLECTOR-INTERIOR
10
-532.3643
20
20.0408
30
258.3999
11
-533.2573
21
20.2468
31
258.3971
12
-533.2573
22
20.2468
32
258.9971
13
-532.3643
23
20.0408
33
258.9999
0
3DFACE
8
3D-COLECTOR-INTERIOR
10
-532.0270
20
21.5024
30
258.3999
11
-532.9200
21
21.7084
31
258.3971
12
-532.9200
22
21.7084
32
258.9971
13
-532.0270
23
21.5024
33
258.9999
0
3DFACE
8
3D-COLECTOR-INTERIOR
10
-532.3643
20
20.0408
30
258.9999
11
-533.2573
21
20.2468
31
258.9971
12
-532.9200
22
21.7084
32
258.9971
13
-532.0270
23
21.5024
33
258.9999
0
3DFACE
8
3D-AGUA
10
-532.3643
20
20.0408
30
258.8242
11
-533.2573
21
20.2468
31
258.8230
12
-532.9200
22
21.7084
32
258.8230
13
-532.0270
23
21.5024
33
258.8242
0
3DFACE
8
3D-COLECTOR-LOSA-SUPERIOR
10
-533.2798
20
20.1494
30
259.0971
11
-533.4327
21
20.1959
31
259.0969
12
-532.9034
22
21.8114
32
259.0969
13
-532.8975
23
21.8059
33
259.0971
0
3DFACE
8
3D-COLECTOR-MUROS
10
-533.2798
20
20.1494
30
258.2471
11
-533.4327
21
20.1959
31
258.2469
12
-533.4327
22
20.1959
32
259.0969
13
-533.2798
23
20.1494
33
259.0971
0
3DFACE
8
3D-COLECTOR-MUROS
10
-532.8975
20
21.8059
30
258.2471
11
-532.9034
21
21.8114
31
258.2469
12
-532.9034
22
21.8114
32
259.0969
13
-532.8975
23
21.8059
33
259.0971
0
3DFACE
8
3D-COLECTOR-LOSA-FONDO
10
-533.2798
20
20.1494
30
258.2471
11
-533.4327
21
20.1959
31
258.2469
12
-532.9034
22
21.8114
32
258.2469
13
-532.8975
23
21.8059
33
258.2471
0
3DFACE
8
3D-COLECTOR-INTERIOR
10
-533.2573
20
20.2468
30
258.3971
11
-533.4016
21
20.2909
31
258.3969
12
-532.9345
22
21.7164
32
258.3969
13
-532.9200
23
21.7084
33
258.3971
0
3DFACE
8
3D-COLECTOR-INTERIOR
10
-533.2573
20
20.2468
30
258.3971
11
-533.4016
21
20.2909
31
258.3969
12
-533.4016
22
20.2909
32
258.9969
13
-533.2573
23
20.2468
33
258.9971
0
3DFACE
8
3D-COLECTOR-INTERIOR
10
-532.9200
20
21.7084
30
258.3971
11
-532.9345
21
21.7164
31
258.3969
12
-532.9345
22
21.7164
32
258.9969
13
-532.9200
23
21.7084
33
258.9971
0
3DFACE
8
3D-COLECTOR-INTERIOR
10
-533.2573
20
20.2468
30
258.9971
11
-533.4016
21
20.2909
31
258.9969
12
-532.9345
22
21.7164
32
258.9969
13
-532.9200
23
21.7084
33
258.9971
0
3DFACE
8
3D-AGUA
10
-533.2573
20
20.2468
30
258.8230
11
-533.4016
21
20.2909
31
258.8227
12
-532.9345
22
21.7164
32
258.8227
13
-532.9200
23
21.7084
33
258.8230
0
3DFACE
8
3D-COLECTOR-LOSA-SUPERIOR
10
-533.4327
20
20.1959
30
259.0969
11
-534.3830
21
20.5073
31
259.0939
12
-533.8536
22
22.1228
32
259.0939
13
-532.9034
23
21.8114
33
259.0969
0
3DFACE
8
3D-COLECTOR-MUROS
10
-533.4327
20
20.1959
30
258.2469
11
-534.3830
21
20.5073
31
258.2439
12
-534.3830
22
20.5073
32
259.0939
13
-533.4327
23
20.1959
33
259.0969
0
3DFACE
8
3D-COLECTOR-MUROS
10
-532.9034
20
21.8114
30
258.2469
11
-533.8536
21
22.1228
31
258.2439
12
-533.8536
22
22.1228
32
259.0939
13
-532.9034
23
21.8114
33
259.0969
0
3DFACE
8
3D-COLECTOR-LOSA-FONDO
10
-533.4327
20
20.1959
30
258.2469
11
-534.3830
21
20.5073
31
258.2439
12
-533.8536
22
22.1228
32
258.2439
13
-532.9034
23
21.8114
33
258.2469
0
3DFACE
8
3D-COLECTOR-INTERIOR
10
-533.4016
20
20.2909
30
258.3969
11
-534.3519
21
20.6023
31
258.3939
12
-533.8848
22
22.0278
32
258.3939
13
-532.9345
23
21.7164
33
258.3969
0
3DFACE
8
3D-COLECTOR-INTERIOR
10
-533.4016
20
20.2909
30
258.3969
11
-534.3519
21
20.6023
31
258.3939
12
-534.3519
22
20.6023
32
258.9939
13
-533.4016
23
20.2909
33
258.9969
0
3DFACE
8
3D-COLECTOR-INTERIOR
10
-532.9345
20
21.7164
30
258.3969
11
-533.8848
21
22.0278
31
258.3939
12
-533.8848
22
22.0278
32
258.9939
13
-532.9345
23
21.7164
33
258.9969
0
3DFACE
8
3D-COLECTOR-INTERIOR
10
-533.4016
20
20.2909
30
258.9969
11
-534.3519
21
20.6023
31
258.9939
12
-533.8848
22
22.0278
32
258.9939
13
-532.9345
23
21.7164
33
258.9969
0
3DFACE
8
3D-AGUA
10
-533.4016
20
20.2909
30
258.8227
11
-534.3519
21
20.6023
31
258.8211
12
-533.8848
22
22.0278
32
258.8211
13
-532.9345
23
21.7164
33
258.8227
0
3DFACE
8
3D-COLECTOR-LOSA-SUPERIOR
10
-534.3830
20
20.5073
30
259.0939
11
-535.3333
21
20.8187
31
259.0908
12
-534.8039
22
22.4342
32
259.0908
13
-533.8536
23
22.1228
33
259.0939
0
3DFACE
8
3D-COLECTOR-MUROS
10
-534.3830
20
20.5073
30
258.2439
11
-535.3333
21
20.8187
31
258.2408
12
-535.3333
22
20.8187
32
259.0908
13
-534.3830
23
20.5073
33
259.0939
0
3DFACE
8
3D-COLECTOR-MUROS
10
-533.8536
20
22.1228
30
258.2439
11
-534.8039
21
22.4342
31
258.2408
12
-534.8039
22
22.4342
32
259.0908
13
-533.8536
23
22.1228
33
259.0939
0
3DFACE
8
3D-COLECTOR-LOSA-FONDO
10
-534.3830
20
20.5073
30
258.2439
11
-535.3333
21
20.8187
31
258.2408
12
-534.8039
22
22.4342
32
258.2408
13
-533.8536
23
22.1228
33
258.2439
0
3DFACE
8
3D-COLECTOR-INTERIOR
10
-534.3519
20
20.6023
30
258.3939
11
-535.3021
21
20.9137
31
258.3908
12
-534.8351
22
22.3391
32
258.3908
13
-533.8848
23
22.0278
33
258.3939
0
3DFACE
8
3D-COLECTOR-INTERIOR
10
-534.3519
20
20.6023
30
258.3939
11
-535.3021
21
20.9137
31
258.3908
12
-535.3021
22
20.9137
32
258.9908
13
-534.3519
23
20.6023
33
258.9939
0
3DFACE
8
3D-COLECTOR-INTERIOR
10
-533.8848
20
22.0278
30
258.3939
11
-534.8351
21
22.3391
31
258.3908
12
-534.8351
22
22.3391
32
258.9908
13
-533.8848
23
22.0278
33
258.9939
0
3DFACE
8
3D-COLECTOR-INTERIOR
10
-534.3519
20
20.6023
30
258.9939
11
-535.3021
21
20.9137
31
258.9908
12
-534.8351
22
22.3391
32
258.9908
13
-533.8848
23
22.0278
33
258.9939
0
3DFACE
8
3D-AGUA
10
-534.3519
20
20.6023
30
258.8211
11
-535.3021
21
20.9137
31
258.8197
12
-534.8351
22
22.3391
32
258.8197
13
-533.8848
23
22.0278
33
258.8211
0
3DFACE
8
3D-COLECTOR-LOSA-SUPERIOR
10
-535.3333
20
20.8187
30
259.0908
11
-536.2836
21
21.1301
31
259.0878
12
-535.7542
22
22.7455
32
259.0878
13
-534.8039
23
22.4342
33
259.0908
0
3DFACE
8
3D-COLECTOR-MUROS
10
-535.3333
20
20.8187
30
258.2408
11
-536.2836
21
21.1301
31
258.2378
12
-536.2836
22
21.1301
32
259.0878
13
-535.3333
23
20.8187
33
259.0908
0
3DFACE
8
3D-COLECTOR-MUROS
10
-534.8039
20
22.4342
30
258.2408
11
-535.7542
21
22.7455
31
258.2378
12
-535.7542
22
22.7455
32
259.0878
13
-534.8039
23
22.4342
33
259.0908
0
3DFACE
8
3D-COLECTOR-LOSA-FONDO
10
-535.3333
20
20.8187
30
258.2408
11
-536.2836
21
21.1301
31
258.2378
12
-535.7542
22
22.7455
32
258.2378
13
-534.8039
23
22.4342
33
258.2408
0
3DFACE
8
3D-COLECTOR-INTERIOR
10
-535.3021
20
20.9137
30
258.3908
11
-536.2524
21
21.2251
31
258.3878
12
-535.7854
22
22.6505
32
258.3878
13
-534.8351
23
22.3391
33
258.3908
0
3DFACE
8
3D-COLECTOR-INTERIOR
10
-535.3021
20
20.9137
30
258.3908
11
-536.2524
21
21.2251
31
258.3878
12
-536.2524
22
21.2251
32
258.9878
13
-535.3021
23
20.9137
33
258.9908
0
3DFACE
8
3D-COLECTOR-INTERIOR
10
-534.8351
20
22.3391
30
258.3908
11
-535.7854
21
22.6505
31
258.3878
12
-535.7854
22
22.6505
32
258.9878
13
-534.8351
23
22.3391
33
258.9908
0
3DFACE
8
3D-COLECTOR-INTERIOR
10
-535.3021
20
20.9137
30
258.9908
11
-536.2524
21
21.2251
31
258.9878
12
-535.7854
22
22.6505
32
258.9878
13
-534.8351
23
22.3391
33
258.9908
0
3DFACE
8
3D-AGUA
10
-535.3021
20
20.9137
30
258.8197
11
-536.2524
21
21.2251
31
258.8182
12
-535.7854
22
22.6505
32
258.8182
13
-534.8351
23
22.3391
33
258.8197
0
3DFACE
8
3D-COLECTOR-LOSA-SUPERIOR
10
-536.2836
20
21.1301
30
259.0878
11
-537.2338
21
21.4414
31
259.0848
12
-536.7045
22
23.0569
32
259.0848
13
-535.7542
23
22.7455
33
259.0878
0
3DFACE
8
3D-COLECTOR-MUROS
10
-536.2836
20
21.1301
30
258.2378
11
-537.2338
21
21.4414
31
258.2348
12
-537.2338
22
21.4414
32
259.0848
13
-536.2836
23
21.1301
33
259.0878
0
3DFACE
8
3D-COLECTOR-MUROS
10
-535.7542
20
22.7455
30
258.2378
11
-536.7045
21
23.0569
31
258.2348
12
-536.7045
22
23.0569
32
259.0848
13
-535.7542
23
22.7455
33
259.0878
0
3DFACE
8
3D-COLECTOR-LOSA-FONDO
10
-536.2836
20
21.1301
30
258.2378
11
-537.2338
21
21.4414
31
258.2348
12
-536.7045
22
23.0569
32
258.2348
13
-535.7542
23
22.7455
33
258.2378
0
3DFACE
8
3D-COLECTOR-INTERIOR
10
-536.2524
20
21.2251
30
258.3878
11
-537.2027
21
21.5365
31
258.3848
12
-536.7356
22
22.9619
32
258.3848
13
-535.7854
23
22.6505
33
258.3878
0
3DFACE
8
3D-COLECTOR-INTERIOR
10
-536.2524
20
21.2251
30
258.3878
11
-537.2027
21
21.5365
31
258.3848
12
-537.2027
22
21.5365
32
258.9848
13
-536.2524
23
21.2251
33
258.9878
0
3DFACE
8
3D-COLECTOR-INTERIOR
10
-535.7854
20
22.6505
30
258.3878
11
-536.7356
21
22.9619
31
258.3848
12
-536.7356
22
22.9619
32
258.9848
13
-535.7854
23
22.6505
33
258.9878
0
3DFACE
8
3D-COLECTOR-INTERIOR
10
-536.2524
20
21.2251
30
258.9878
11
-537.2027
21
21.5365
31
258.9848
12
-536.7356
22
22.9619
32
258.9848
13
-535.7854
23
22.6505
33
258.9878
0
3DFACE
8
3D-AGUA
10
-536.2524
20
21.2251
30
258.8182
11
-537.2027
21
21.5365
31
258.8167
12
-536.7356
22
22.9619
32
258.8167
13
-535.7854
23
22.6505
33
258.8182
0
3DFACE
8
3D-COLECTOR-LOSA-SUPERIOR
10
-537.2338
20
21.4414
30
259.0848
11
-538.1841
21
21.7528
31
259.0818
12
-537.6548
22
23.3683
32
259.0818
13
-536.7045
23
23.0569
33
259.0848
0
3DFACE
8
3D-COLECTOR-MUROS
10
-537.2338
20
21.4414
30
258.2348
11
-538.1841
21
21.7528
31
258.2318
12
-538.1841
22
21.7528
32
259.0818
13
-537.2338
23
21.4414
33
259.0848
0
3DFACE
8
3D-COLECTOR-MUROS
10
-536.7045
20
23.0569
30
258.2348
11
-537.6548
21
23.3683
31
258.2318
12
-537.6548
22
23.3683
32
259.0818
13
-536.7045
23
23.0569
33
259.0848
0
3DFACE
8
3D-COLECTOR-LOSA-FONDO
10
-537.2338
20
21.4414
30
258.2348
11
-538.1841
21
21.7528
31
258.2318
12
-537.6548
22
23.3683
32
258.2318
13
-536.7045
23
23.0569
33
258.2348
0
3DFACE
8
3D-COLECTOR-INTERIOR
10
-537.2027
20
21.5365
30
258.3848
11
-538.1530
21
21.8478
31
258.3818
12
-537.6859
22
23.2733
32
258.3818
13
-536.7356
23
22.9619
33
258.3848
0
3DFACE
8
3D-COLECTOR-INTERIOR
10
-537.2027
20
21.5365
30
258.3848
11
-538.1530
21
21.8478
31
258.3818
12
-538.1530
22
21.8478
32
258.9818
13
-537.2027
23
21.5365
33
258.9848
0
3DFACE
8
3D-COLECTOR-INTERIOR
10
-536.7356
20
22.9619
30
258.3848
11
-537.6859
21
23.2733
31
258.3818
12
-537.6859
22
23.2733
32
258.9818
13
-536.7356
23
22.9619
33
258.9848
0
3DFACE
8
3D-COLECTOR-INTERIOR
10
-537.2027
20
21.5365
30
258.9848
11
-538.1530
21
21.8478
31
258.9818
12
-537.6859
22
23.2733
32
258.9818
13
-536.7356
23
22.9619
33
258.9848
0
3DFACE
8
3D-AGUA
10
-537.2027
20
21.5365
30
258.8167
11
-538.1530
21
21.8478
31
258.8153
12
-537.6859
22
23.2733
32
258.8153
13
-536.7356
23
22.9619
33
258.8167
0
3DFACE
8
3D-COLECTOR-LOSA-SUPERIOR
10
-538.1841
20
21.7528
30
259.0818
11
-539.1344
21
22.0642
31
259.0788
12
-538.6051
22
23.6797
32
259.0788
13
-537.6548
23
23.3683
33
259.0818
0
3DFACE
8
3D-COLECTOR-MUROS
10
-538.1841
20
21.7528
30
258.2318
11
-539.1344
21
22.0642
31
258.2288
12
-539.1344
22
22.0642
32
259.0788
13
-538.1841
23
21.7528
33
259.0818
0
3DFACE
8
3D-COLECTOR-MUROS
10
-537.6548
20
23.3683
30
258.2318
11
-538.6051
21
23.6797
31
258.2288
12
-538.6051
22
23.6797
32
259.0788
13
-537.6548
23
23.3683
33
259.0818
0
3DFACE
8
3D-COLECTOR-LOSA-FONDO
10
-538.1841
20
21.7528
30
258.2318
11
-539.1344
21
22.0642
31
258.2288
12
-538.6051
22
23.6797
32
258.2288
13
-537.6548
23
23.3683
33
258.2318
0
3DFACE
8
3D-COLECTOR-INTERIOR
10
-538.1530
20
21.8478
30
258.3818
11
-539.1033
21
22.1592
31
258.3788
12
-538.6362
22
23.5847
32
258.3788
13
-537.6859
23
23.2733
33
258.3818
0
3DFACE
8
3D-COLECTOR-INTERIOR
10
-538.1530
20
21.8478
30
258.3818
11
-539.1033
21
22.1592
31
258.3788
12
-539.1033
22
22.1592
32
258.9788
13
-538.1530
23
21.8478
33
258.9818
0
3DFACE
8
3D-COLECTOR-INTERIOR
10
-537.6859
20
23.2733
30
258.3818
11
-538.6362
21
23.5847
31
258.3788
12
-538.6362
22
23.5847
32
258.9788
13
-537.6859
23
23.2733
33
258.9818
0
3DFACE
8
3D-COLECTOR-INTERIOR
10
-538.1530
20
21.8478
30
258.9818
11
-539.1033
21
22.1592
31
258.9788
12
-538.6362
22
23.5847
32
258.9788
13
-537.6859
23
23.2733
33
258.9818
0
3DFACE
8
3D-AGUA
10
-538.1530
20
21.8478
30
258.8153
11
-539.1033
21
22.1592
31
258.8139
12
-538.6362
22
23.5847
32
258.8139
13
-537.6859
23
23.2733
33
258.8153
0
3DFACE
8
3D-COLECTOR-LOSA-SUPERIOR
10
-539.1344
20
22.0642
30
259.0788
11
-540.0847
21
22.3756
31
259.0757
12
-539.5554
22
23.9911
32
259.0757
13
-538.6051
23
23.6797
33
259.0788
0
3DFACE
8
3D-COLECTOR-MUROS
10
-539.1344
20
22.0642
30
258.2288
11
-540.0847
21
22.3756
31
258.2257
12
-540.0847
22
22.3756
32
259.0757
13
-539.1344
23
22.0642
33
259.0788
0
3DFACE
8
3D-COLECTOR-MUROS
10
-538.6051
20
23.6797
30
258.2288
11
-539.5554
21
23.9911
31
258.2257
12
-539.5554
22
23.9911
32
259.0757
13
-538.6051
23
23.6797
33
259.0788
0
3DFACE
8
3D-COLECTOR-LOSA-FONDO
10
-539.1344
20
22.0642
30
258.2288
11
-540.0847
21
22.3756
31
258.2257
12
-539.5554
22
23.9911
32
258.2257
13
-538.6051
23
23.6797
33
258.2288
0
3DFACE
8
3D-COLECTOR-INTERIOR
10
-539.1033
20
22.1592
30
258.3788
11
-540.0536
21
22.4706
31
258.3757
12
-539.5865
22
23.8960
32
258.3757
13
-538.6362
23
23.5847
33
258.3788
0
3DFACE
8
3D-COLECTOR-INTERIOR
10
-539.1033
20
22.1592
30
258.3788
11
-540.0536
21
22.4706
31
258.3757
12
-540.0536
22
22.4706
32
258.9757
13
-539.1033
23
22.1592
33
258.9788
0
3DFACE
8
3D-COLECTOR-INTERIOR
10
-538.6362
20
23.5847
30
258.3788
11
-539.5865
21
23.8960
31
258.3757
12
-539.5865
22
23.8960
32
258.9757
13
-538.6362
23
23.5847
33
258.9788
0
3DFACE
8
3D-COLECTOR-INTERIOR
10
-539.1033
20
22.1592
30
258.9788
11
-540.0536
21
22.4706
31
258.9757
12
-539.5865
22
23.8960
32
258.9757
13
-538.6362
23
23.5847
33
258.9788
0
3DFACE
8
3D-AGUA
10
-539.1033
20
22.1592
30
258.8139
11
-540.0536
21
22.4706
31
258.8125
12
-539.5865
22
23.8960
32
258.8125
13
-538.6362
23
23.5847
33
258.8139
0
3DFACE
8
3D-COLECTOR-LOSA-SUPERIOR
10
-540.0847
20
22.3756
30
259.0757
11
-541.0350
21
22.6870
31
259.0727
12
-540.5056
22
24.3024
32
259.0727
13
-539.5554
23
23.9911
33
259.0757
0
3DFACE
8
3D-COLECTOR-MUROS
10
-540.0847
20
22.3756
30
258.2257
11
-541.0350
21
22.6870
31
258.2227
12
-541.0350
22
22.6870
32
259.0727
13
-540.0847
23
22.3756
33
259.0757
0
3DFACE
8
3D-COLECTOR-MUROS
10
-539.5554
20
23.9911
30
258.2257
11
-540.5056
21
24.3024
31
258.2227
12
-540.5056
22
24.3024
32
259.0727
13
-539.5554
23
23.9911
33
259.0757
0
3DFACE
8
3D-COLECTOR-LOSA-FONDO
10
-540.0847
20
22.3756
30
258.2257
11
-541.0350
21
22.6870
31
258.2227
12
-540.5056
22
24.3024
32
258.2227
13
-539.5554
23
23.9911
33
258.2257
0
3DFACE
8
3D-COLECTOR-INTERIOR
10
-540.0536
20
22.4706
30
258.3757
11
-541.0038
21
22.7820
31
258.3727
12
-540.5368
22
24.2074
32
258.3727
13
-539.5865
23
23.8960
33
258.3757
0
3DFACE
8
3D-COLECTOR-INTERIOR
10
-540.0536
20
22.4706
30
258.3757
11
-541.0038
21
22.7820
31
258.3727
12
-541.0038
22
22.7820
32
258.9727
13
-540.0536
23
22.4706
33
258.9757
0
3DFACE
8
3D-COLECTOR-INTERIOR
10
-539.5865
20
23.8960
30
258.3757
11
-540.5368
21
24.2074
31
258.3727
12
-540.5368
22
24.2074
32
258.9727
13
-539.5865
23
23.8960
33
258.9757
0
3DFACE
8
3D-COLECTOR-INTERIOR
10
-540.0536
20
22.4706
30
258.9757
11
-541.0038
21
22.7820
31
258.9727
12
-540.5368
22
24.2074
32
258.9727
13
-539.5865
23
23.8960
33
258.9757
0
3DFACE
8
3D-AGUA
10
-540.0536
20
22.4706
30
258.8125
11
-541.0038
21
22.7820
31
258.8112
12
-540.5368
22
24.2074
32
258.8112
13
-539.5865
23
23.8960
33
258.8125
0
3DFACE
8
3D-COLECTOR-LOSA-SUPERIOR
10
-541.0350
20
22.6870
30
259.0727
11
-541.8203
21
22.9443
31
259.0702
12
-541.2909
22
24.5598
32
259.0702
13
-540.5056
23
24.3024
33
259.0727
0
3DFACE
8
3D-COLECTOR-MUROS
10
-541.0350
20
22.6870
30
258.2227
11
-541.8203
21
22.9443
31
258.2202
12
-541.8203
22
22.9443
32
259.0702
13
-541.0350
23
22.6870
33
259.0727
0
3DFACE
8
3D-COLECTOR-MUROS
10
-540.5056
20
24.3024
30
258.2227
11
-541.2909
21
24.5598
31
258.2202
12
-541.2909
22
24.5598
32
259.0702
13
-540.5056
23
24.3024
33
259.0727
0
3DFACE
8
3D-COLECTOR-LOSA-FONDO
10
-541.0350
20
22.6870
30
258.2227
11
-541.8203
21
22.9443
31
258.2202
12
-541.2909
22
24.5598
32
258.2202
13
-540.5056
23
24.3024
33
258.2227
0
3DFACE
8
3D-COLECTOR-INTERIOR
10
-541.0038
20
22.7820
30
258.3727
11
-541.7891
21
23.0393
31
258.3702
12
-541.3221
22
24.4647
32
258.3702
13
-540.5368
23
24.2074
33
258.3727
0
3DFACE
8
3D-COLECTOR-INTERIOR
10
-541.0038
20
22.7820
30
258.3727
11
-541.7891
21
23.0393
31
258.3702
12
-541.7891
22
23.0393
32
258.9702
13
-541.0038
23
22.7820
33
258.9727
0
3DFACE
8
3D-COLECTOR-INTERIOR
10
-540.5368
20
24.2074
30
258.3727
11
-541.3221
21
24.4647
31
258.3702
12
-541.3221
22
24.4647
32
258.9702
13
-540.5368
23
24.2074
33
258.9727
0
3DFACE
8
3D-COLECTOR-INTERIOR
10
-541.0038
20
22.7820
30
258.9727
11
-541.7891
21
23.0393
31
258.9702
12
-541.3221
22
24.4647
32
258.9702
13
-540.5368
23
24.2074
33
258.9727
0
3DFACE
8
3D-AGUA
10
-541.0038
20
22.7820
30
258.8112
11
-541.7891
21
23.0393
31
258.8102
12
-541.3221
22
24.4647
32
258.8102
13
-540.5368
23
24.2074
33
258.8112
0
3DFACE
8
3D-COLECTOR-LOSA-SUPERIOR
10
-541.8203
20
22.9443
30
259.0702
11
-542.0448
21
23.0356
31
259.0697
12
-541.3865
22
24.6029
32
259.0697
13
-541.2909
23
24.5598
33
259.0702
0
3DFACE
8
3D-COLECTOR-MUROS
10
-541.8203
20
22.9443
30
258.2202
11
-542.0448
21
23.0356
31
258.2197
12
-542.0448
22
23.0356
32
259.0697
13
-541.8203
23
22.9443
33
259.0702
0
3DFACE
8
3D-COLECTOR-MUROS
10
-541.2909
20
24.5598
30
258.2202
11
-541.3865
21
24.6029
31
258.2197
12
-541.3865
22
24.6029
32
259.0697
13
-541.2909
23
24.5598
33
259.0702
0
3DFACE
8
3D-COLECTOR-LOSA-FONDO
10
-541.8203
20
22.9443
30
258.2202
11
-542.0448
21
23.0356
31
258.2197
12
-541.3865
22
24.6029
32
258.2197
13
-541.2909
23
24.5598
33
258.2202
0
3DFACE
8
3D-COLECTOR-INTERIOR
10
-541.7891
20
23.0393
30
258.3702
11
-542.0061
21
23.1278
31
258.3697
12
-541.4253
22
24.5107
32
258.3697
13
-541.3221
23
24.4647
33
258.3702
0
3DFACE
8
3D-COLECTOR-INTERIOR
10
-541.7891
20
23.0393
30
258.3702
11
-542.0061
21
23.1278
31
258.3697
12
-542.0061
22
23.1278
32
258.9697
13
-541.7891
23
23.0393
33
258.9702
0
3DFACE
8
3D-COLECTOR-INTERIOR
10
-541.3221
20
24.4647
30
258.3702
11
-541.4253
21
24.5107
31
258.3697
12
-541.4253
22
24.5107
32
258.9697
13
-541.3221
23
24.4647
33
258.9702
0
3DFACE
8
3D-COLECTOR-INTERIOR
10
-541.7891
20
23.0393
30
258.9702
11
-542.0061
21
23.1278
31
258.9697
12
-541.4253
22
24.5107
32
258.9697
13
-541.3221
23
24.4647
33
258.9702
0
3DFACE
8
3D-AGUA
10
-541.7891
20
23.0393
30
258.8102
11
-542.0061
21
23.1278
31
258.8099
12
-541.4253
22
24.5107
32
258.8099
13
-541.3221
23
24.4647
33
258.8102
0
3DFACE
8
3D-COLECTOR-LOSA-SUPERIOR
10
-542.0448
20
23.0356
30
259.0697
11
-542.9668
21
23.4228
31
259.0667
12
-542.3085
22
24.9902
32
259.0667
13
-541.3865
23
24.6029
33
259.0697
0
3DFACE
8
3D-COLECTOR-MUROS
10
-542.0448
20
23.0356
30
258.2197
11
-542.9668
21
23.4228
31
258.2167
12
-542.9668
22
23.4228
32
259.0667
13
-542.0448
23
23.0356
33
259.0697
0
3DFACE
8
3D-COLECTOR-MUROS
10
-541.3865
20
24.6029
30
258.2197
11
-542.3085
21
24.9902
31
258.2167
12
-542.3085
22
24.9902
32
259.0667
13
-541.3865
23
24.6029
33
259.0697
0
3DFACE
8
3D-COLECTOR-LOSA-FONDO
10
-542.0448
20
23.0356
30
258.2197
11
-542.9668
21
23.4228
31
258.2167
12
-542.3085
22
24.9902
32
258.2167
13
-541.3865
23
24.6029
33
258.2197
0
3DFACE
8
3D-COLECTOR-INTERIOR
10
-542.0061
20
23.1278
30
258.3697
11
-542.9281
21
23.5150
31
258.3667
12
-542.3472
22
24.8980
32
258.3667
13
-541.4253
23
24.5107
33
258.3697
0
3DFACE
8
3D-COLECTOR-INTERIOR
10
-542.0061
20
23.1278
30
258.3697
11
-542.9281
21
23.5150
31
258.3667
12
-542.9281
22
23.5150
32
258.9667
13
-542.0061
23
23.1278
33
258.9697
0
3DFACE
8
3D-COLECTOR-INTERIOR
10
-541.4253
20
24.5107
30
258.3697
11
-542.3472
21
24.8980
31
258.3667
12
-542.3472
22
24.8980
32
258.9667
13
-541.4253
23
24.5107
33
258.9697
0
3DFACE
8
3D-COLECTOR-INTERIOR
10
-542.0061
20
23.1278
30
258.9697
11
-542.9281
21
23.5150
31
258.9667
12
-542.3472
22
24.8980
32
258.9667
13
-541.4253
23
24.5107
33
258.9697
0
3DFACE
8
3D-AGUA
10
-542.0061
20
23.1278
30
258.8099
11
-542.9281
21
23.5150
31
258.8086
12
-542.3472
22
24.8980
32
258.8086
13
-541.4253
23
24.5107
33
258.8099
0
3DFACE
8
3D-COLECTOR-LOSA-SUPERIOR
10
-542.9668
20
23.4228
30
259.0667
11
-543.8888
21
23.8100
31
259.0637
12
-543.2305
22
25.3774
32
259.0637
13
-542.3085
23
24.9902
33
259.0667
0
3DFACE
8
3D-COLECTOR-MUROS
10
-542.9668
20
23.4228
30
258.2167
11
-543.8888
21
23.8100
31
258.2137
12
-543.8888
22
23.8100
32
259.0637
13
-542.9668
23
23.4228
33
259.0667
0
3DFACE
8
3D-COLECTOR-MUROS
10
-542.3085
20
24.9902
30
258.2167
11
-543.2305
21
25.3774
31
258.2137
12
-543.2305
22
25.3774
32
259.0637
13
-542.3085
23
24.9902
33
259.0667
0
3DFACE
8
3D-COLECTOR-LOSA-FONDO
10
-542.9668
20
23.4228
30
258.2167
11
-543.8888
21
23.8100
31
258.2137
12
-543.2305
22
25.3774
32
258.2137
13
-542.3085
23
24.9902
33
258.2167
0
3DFACE
8
3D-COLECTOR-INTERIOR
10
-542.9281
20
23.5150
30
258.3667
11
-543.8501
21
23.9022
31
258.3637
12
-543.2692
22
25.2852
32
258.3637
13
-542.3472
23
24.8980
33
258.3667
0
3DFACE
8
3D-COLECTOR-INTERIOR
10
-542.9281
20
23.5150
30
258.3667
11
-543.8501
21
23.9022
31
258.3637
12
-543.8501
22
23.9022
32
258.9637
13
-542.9281
23
23.5150
33
258.9667
0
3DFACE
8
3D-COLECTOR-INTERIOR
10
-542.3472
20
24.8980
30
258.3667
11
-543.2692
21
25.2852
31
258.3637
12
-543.2692
22
25.2852
32
258.9637
13
-542.3472
23
24.8980
33
258.9667
0
3DFACE
8
3D-COLECTOR-INTERIOR
10
-542.9281
20
23.5150
30
258.9667
11
-543.8501
21
23.9022
31
258.9637
12
-543.2692
22
25.2852
32
258.9637
13
-542.3472
23
24.8980
33
258.9667
0
3DFACE
8
3D-AGUA
10
-542.9281
20
23.5150
30
258.8086
11
-543.8501
21
23.9022
31
258.8073
12
-543.2692
22
25.2852
32
258.8073
13
-542.3472
23
24.8980
33
258.8086
0
3DFACE
8
3D-COLECTOR-LOSA-SUPERIOR
10
-543.8888
20
23.8100
30
259.0637
11
-544.8108
21
24.1973
31
259.0606
12
-544.1525
22
25.7646
32
259.0606
13
-543.2305
23
25.3774
33
259.0637
0
3DFACE
8
3D-COLECTOR-MUROS
10
-543.8888
20
23.8100
30
258.2137
11
-544.8108
21
24.1973
31
258.2106
12
-544.8108
22
24.1973
32
259.0606
13
-543.8888
23
23.8100
33
259.0637
0
3DFACE
8
3D-COLECTOR-MUROS
10
-543.2305
20
25.3774
30
258.2137
11
-544.1525
21
25.7646
31
258.2106
12
-544.1525
22
25.7646
32
259.0606
13
-543.2305
23
25.3774
33
259.0637
0
3DFACE
8
3D-COLECTOR-LOSA-FONDO
10
-543.8888
20
23.8100
30
258.2137
11
-544.8108
21
24.1973
31
258.2106
12
-544.1525
22
25.7646
32
258.2106
13
-543.2305
23
25.3774
33
258.2137
0
3DFACE
8
3D-COLECTOR-INTERIOR
10
-543.8501
20
23.9022
30
258.3637
11
-544.7721
21
24.2895
31
258.3606
12
-544.1912
22
25.6724
32
258.3606
13
-543.2692
23
25.2852
33
258.3637
0
3DFACE
8
3D-COLECTOR-INTERIOR
10
-543.8501
20
23.9022
30
258.3637
11
-544.7721
21
24.2895
31
258.3606
12
-544.7721
22
24.2895
32
258.9606
13
-543.8501
23
23.9022
33
258.9637
0
3DFACE
8
3D-COLECTOR-INTERIOR
10
-543.2692
20
25.2852
30
258.3637
11
-544.1912
21
25.6724
31
258.3606
12
-544.1912
22
25.6724
32
258.9606
13
-543.2692
23
25.2852
33
258.9637
0
3DFACE
8
3D-COLECTOR-INTERIOR
10
-543.8501
20
23.9022
30
258.9637
11
-544.7721
21
24.2895
31
258.9606
12
-544.1912
22
25.6724
32
258.9606
13
-543.2692
23
25.2852
33
258.9637
0
3DFACE
8
3D-AGUA
10
-543.8501
20
23.9022
30
258.8073
11
-544.7721
21
24.2895
31
258.8060
12
-544.1912
22
25.6724
32
258.8060
13
-543.2692
23
25.2852
33
258.8073
0
3DFACE
8
3D-COLECTOR-LOSA-SUPERIOR
10
-544.8108
20
24.1973
30
259.0606
11
-545.7328
21
24.5845
31
259.0576
12
-545.0745
22
26.1519
32
259.0576
13
-544.1525
23
25.7646
33
259.0606
0
3DFACE
8
3D-COLECTOR-MUROS
10
-544.8108
20
24.1973
30
258.2106
11
-545.7328
21
24.5845
31
258.2076
12
-545.7328
22
24.5845
32
259.0576
13
-544.8108
23
24.1973
33
259.0606
0
3DFACE
8
3D-COLECTOR-MUROS
10
-544.1525
20
25.7646
30
258.2106
11
-545.0745
21
26.1519
31
258.2076
12
-545.0745
22
26.1519
32
259.0576
13
-544.1525
23
25.7646
33
259.0606
0
3DFACE
8
3D-COLECTOR-LOSA-FONDO
10
-544.8108
20
24.1973
30
258.2106
11
-545.7328
21
24.5845
31
258.2076
12
-545.0745
22
26.1519
32
258.2076
13
-544.1525
23
25.7646
33
258.2106
0
3DFACE
8
3D-COLECTOR-INTERIOR
10
-544.7721
20
24.2895
30
258.3606
11
-545.6940
21
24.6767
31
258.3576
12
-545.1132
22
26.0597
32
258.3576
13
-544.1912
23
25.6724
33
258.3606
0
3DFACE
8
3D-COLECTOR-INTERIOR
10
-544.7721
20
24.2895
30
258.3606
11
-545.6940
21
24.6767
31
258.3576
12
-545.6940
22
24.6767
32
258.9576
13
-544.7721
23
24.2895
33
258.9606
0
3DFACE
8
3D-COLECTOR-INTERIOR
10
-544.1912
20
25.6724
30
258.3606
11
-545.1132
21
26.0597
31
258.3576
12
-545.1132
22
26.0597
32
258.9576
13
-544.1912
23
25.6724
33
258.9606
0
3DFACE
8
3D-COLECTOR-INTERIOR
10
-544.7721
20
24.2895
30
258.9606
11
-545.6940
21
24.6767
31
258.9576
12
-545.1132
22
26.0597
32
258.9576
13
-544.1912
23
25.6724
33
258.9606
0
3DFACE
8
3D-AGUA
10
-544.7721
20
24.2895
30
258.8060
11
-545.6940
21
24.6767
31
258.8048
12
-545.1132
22
26.0597
32
258.8048
13
-544.1912
23
25.6724
33
258.8060
0
3DFACE
8
3D-COLECTOR-LOSA-SUPERIOR
10
-545.7328
20
24.5845
30
259.0576
11
-546.6547
21
24.9718
31
259.0546
12
-545.9964
22
26.5391
32
259.0546
13
-545.0745
23
26.1519
33
259.0576
0
3DFACE
8
3D-COLECTOR-MUROS
10
-545.7328
20
24.5845
30
258.2076
11
-546.6547
21
24.9718
31
258.2046
12
-546.6547
22
24.9718
32
259.0546
13
-545.7328
23
24.5845
33
259.0576
0
3DFACE
8
3D-COLECTOR-MUROS
10
-545.0745
20
26.1519
30
258.2076
11
-545.9964
21
26.5391
31
258.2046
12
-545.9964
22
26.5391
32
259.0546
13
-545.0745
23
26.1519
33
259.0576
0
3DFACE
8
3D-COLECTOR-LOSA-FONDO
10
-545.7328
20
24.5845
30
258.2076
11
-546.6547
21
24.9718
31
258.2046
12
-545.9964
22
26.5391
32
258.2046
13
-545.0745
23
26.1519
33
258.2076
0
3DFACE
8
3D-COLECTOR-INTERIOR
10
-545.6940
20
24.6767
30
258.3576
11
-546.6160
21
25.0639
31
258.3546
12
-546.0352
22
26.4469
32
258.3546
13
-545.1132
23
26.0597
33
258.3576
0
3DFACE
8
3D-COLECTOR-INTERIOR
10
-545.6940
20
24.6767
30
258.3576
11
-546.6160
21
25.0639
31
258.3546
12
-546.6160
22
25.0639
32
258.9546
13
-545.6940
23
24.6767
33
258.9576
0
3DFACE
8
3D-COLECTOR-INTERIOR
10
-545.1132
20
26.0597
30
258.3576
11
-546.0352
21
26.4469
31
258.3546
12
-546.0352
22
26.4469
32
258.9546
13
-545.1132
23
26.0597
33
258.9576
0
3DFACE
8
3D-COLECTOR-INTERIOR
10
-545.6940
20
24.6767
30
258.9576
11
-546.6160
21
25.0639
31
258.9546
12
-546.0352
22
26.4469
32
258.9546
13
-545.1132
23
26.0597
33
258.9576
0
3DFACE
8
3D-AGUA
10
-545.6940
20
24.6767
30
258.8048
11
-546.6160
21
25.0639
31
258.8035
12
-546.0352
22
26.4469
32
258.8035
13
-545.1132
23
26.0597
33
258.8048
0
3DFACE
8
3D-COLECTOR-LOSA-SUPERIOR
10
-546.6547
20
24.9718
30
259.0546
11
-547.5767
21
25.3590
31
259.0516
12
-546.9184
22
26.9264
32
259.0516
13
-545.9964
23
26.5391
33
259.0546
0
3DFACE
8
3D-COLECTOR-MUROS
10
-546.6547
20
24.9718
30
258.2046
11
-547.5767
21
25.3590
31
258.2016
12
-547.5767
22
25.3590
32
259.0516
13
-546.6547
23
24.9718
33
259.0546
0
3DFACE
8
3D-COLECTOR-MUROS
10
-545.9964
20
26.5391
30
258.2046
11
-546.9184
21
26.9264
31
258.2016
12
-546.9184
22
26.9264
32
259.0516
13
-545.9964
23
26.5391
33
259.0546
0
3DFACE
8
3D-COLECTOR-LOSA-FONDO
10
-546.6547
20
24.9718
30
258.2046
11
-547.5767
21
25.3590
31
258.2016
12
-546.9184
22
26.9264
32
258.2016
13
-545.9964
23
26.5391
33
258.2046
0
3DFACE
8
3D-COLECTOR-INTERIOR
10
-546.6160
20
25.0639
30
258.3546
11
-547.5380
21
25.4512
31
258.3516
12
-546.9571
22
26.8342
32
258.3516
13
-546.0352
23
26.4469
33
258.3546
0
3DFACE
8
3D-COLECTOR-INTERIOR
10
-546.6160
20
25.0639
30
258.3546
11
-547.5380
21
25.4512
31
258.3516
12
-547.5380
22
25.4512
32
258.9516
13
-546.6160
23
25.0639
33
258.9546
0
3DFACE
8
3D-COLECTOR-INTERIOR
10
-546.0352
20
26.4469
30
258.3546
11
-546.9571
21
26.8342
31
258.3516
12
-546.9571
22
26.8342
32
258.9516
13
-546.0352
23
26.4469
33
258.9546
0
3DFACE
8
3D-COLECTOR-INTERIOR
10
-546.6160
20
25.0639
30
258.9546
11
-547.5380
21
25.4512
31
258.9516
12
-546.9571
22
26.8342
32
258.9516
13
-546.0352
23
26.4469
33
258.9546
0
3DFACE
8
3D-AGUA
10
-546.6160
20
25.0639
30
258.8035
11
-547.5380
21
25.4512
31
258.8023
12
-546.9571
22
26.8342
32
258.8023
13
-546.0352
23
26.4469
33
258.8035
0
3DFACE
8
3D-COLECTOR-LOSA-SUPERIOR
10
-547.5767
20
25.3590
30
259.0516
11
-548.4987
21
25.7462
31
259.0486
12
-547.8404
22
27.3136
32
259.0486
13
-546.9184
23
26.9264
33
259.0516
0
3DFACE
8
3D-COLECTOR-MUROS
10
-547.5767
20
25.3590
30
258.2016
11
-548.4987
21
25.7462
31
258.1986
12
-548.4987
22
25.7462
32
259.0486
13
-547.5767
23
25.3590
33
259.0516
0
3DFACE
8
3D-COLECTOR-MUROS
10
-546.9184
20
26.9264
30
258.2016
11
-547.8404
21
27.3136
31
258.1986
12
-547.8404
22
27.3136
32
259.0486
13
-546.9184
23
26.9264
33
259.0516
0
3DFACE
8
3D-COLECTOR-LOSA-FONDO
10
-547.5767
20
25.3590
30
258.2016
11
-548.4987
21
25.7462
31
258.1986
12
-547.8404
22
27.3136
32
258.1986
13
-546.9184
23
26.9264
33
258.2016
0
3DFACE
8
3D-COLECTOR-INTERIOR
10
-547.5380
20
25.4512
30
258.3516
11
-548.4600
21
25.8384
31
258.3486
12
-547.8791
22
27.2214
32
258.3486
13
-546.9571
23
26.8342
33
258.3516
0
3DFACE
8
3D-COLECTOR-INTERIOR
10
-547.5380
20
25.4512
30
258.3516
11
-548.4600
21
25.8384
31
258.3486
12
-548.4600
22
25.8384
32
258.9486
13
-547.5380
23
25.4512
33
258.9516
0
3DFACE
8
3D-COLECTOR-INTERIOR
10
-546.9571
20
26.8342
30
258.3516
11
-547.8791
21
27.2214
31
258.3486
12
-547.8791
22
27.2214
32
258.9486
13
-546.9571
23
26.8342
33
258.9516
0
3DFACE
8
3D-COLECTOR-INTERIOR
10
-547.5380
20
25.4512
30
258.9516
11
-548.4600
21
25.8384
31
258.9486
12
-547.8791
22
27.2214
32
258.9486
13
-546.9571
23
26.8342
33
258.9516
0
3DFACE
8
3D-AGUA
10
-547.5380
20
25.4512
30
258.8023
11
-548.4600
21
25.8384
31
258.8012
12
-547.8791
22
27.2214
32
258.8012
13
-546.9571
23
26.8342
33
258.8023
0
3DFACE
8
3D-COLECTOR-LOSA-SUPERIOR
10
-548.4987
20
25.7462
30
259.0486
11
-549.4207
21
26.1335
31
259.0455
12
-548.7624
22
27.7008
32
259.0455
13
-547.8404
23
27.3136
33
259.0486
0
3DFACE
8
3D-COLECTOR-MUROS
10
-548.4987
20
25.7462
30
258.1986
11
-549.4207
21
26.1335
31
258.1955
12
-549.4207
22
26.1335
32
259.0455
13
-548.4987
23
25.7462
33
259.0486
0
3DFACE
8
3D-COLECTOR-MUROS
10
-547.8404
20
27.3136
30
258.1986
11
-548.7624
21
27.7008
31
258.1955
12
-548.7624
22
27.7008
32
259.0455
13
-547.8404
23
27.3136
33
259.0486
0
3DFACE
8
3D-COLECTOR-LOSA-FONDO
10
-548.4987
20
25.7462
30
258.1986
11
-549.4207
21
26.1335
31
258.1955
12
-548.7624
22
27.7008
32
258.1955
13
-547.8404
23
27.3136
33
258.1986
0
3DFACE
8
3D-COLECTOR-INTERIOR
10
-548.4600
20
25.8384
30
258.3486
11
-549.3820
21
26.2257
31
258.3455
12
-548.8011
22
27.6086
32
258.3455
13
-547.8791
23
27.2214
33
258.3486
0
3DFACE
8
3D-COLECTOR-INTERIOR
10
-548.4600
20
25.8384
30
258.3486
11
-549.3820
21
26.2257
31
258.3455
12
-549.3820
22
26.2257
32
258.9455
13
-548.4600
23
25.8384
33
258.9486
0
3DFACE
8
3D-COLECTOR-INTERIOR
10
-547.8791
20
27.2214
30
258.3486
11
-548.8011
21
27.6086
31
258.3455
12
-548.8011
22
27.6086
32
258.9455
13
-547.8791
23
27.2214
33
258.9486
0
3DFACE
8
3D-COLECTOR-INTERIOR
10
-548.4600
20
25.8384
30
258.9486
11
-549.3820
21
26.2257
31
258.9455
12
-548.8011
22
27.6086
32
258.9455
13
-547.8791
23
27.2214
33
258.9486
0
3DFACE
8
3D-AGUA
10
-548.4600
20
25.8384
30
258.8012
11
-549.3820
21
26.2257
31
258.8000
12
-548.8011
22
27.6086
32
258.8000
13
-547.8791
23
27.2214
33
258.8012
0
3DFACE
8
3D-COLECTOR-LOSA-SUPERIOR
10
-549.4207
20
26.1335
30
259.0455
11
-550.3427
21
26.5207
31
259.0425
12
-549.6844
22
28.0881
32
259.0425
13
-548.7624
23
27.7008
33
259.0455
0
3DFACE
8
3D-COLECTOR-MUROS
10
-549.4207
20
26.1335
30
258.1955
11
-550.3427
21
26.5207
31
258.1925
12
-550.3427
22
26.5207
32
259.0425
13
-549.4207
23
26.1335
33
259.0455
0
3DFACE
8
3D-COLECTOR-MUROS
10
-548.7624
20
27.7008
30
258.1955
11
-549.6844
21
28.0881
31
258.1925
12
-549.6844
22
28.0881
32
259.0425
13
-548.7624
23
27.7008
33
259.0455
0
3DFACE
8
3D-COLECTOR-LOSA-FONDO
10
-549.4207
20
26.1335
30
258.1955
11
-550.3427
21
26.5207
31
258.1925
12
-549.6844
22
28.0881
32
258.1925
13
-548.7624
23
27.7008
33
258.1955
0
3DFACE
8
3D-COLECTOR-INTERIOR
10
-549.3820
20
26.2257
30
258.3455
11
-550.3039
21
26.6129
31
258.3425
12
-549.7231
22
27.9959
32
258.3425
13
-548.8011
23
27.6086
33
258.3455
0
3DFACE
8
3D-COLECTOR-INTERIOR
10
-549.3820
20
26.2257
30
258.3455
11
-550.3039
21
26.6129
31
258.3425
12
-550.3039
22
26.6129
32
258.9425
13
-549.3820
23
26.2257
33
258.9455
0
3DFACE
8
3D-COLECTOR-INTERIOR
10
-548.8011
20
27.6086
30
258.3455
11
-549.7231
21
27.9959
31
258.3425
12
-549.7231
22
27.9959
32
258.9425
13
-548.8011
23
27.6086
33
258.9455
0
3DFACE
8
3D-COLECTOR-INTERIOR
10
-549.3820
20
26.2257
30
258.9455
11
-550.3039
21
26.6129
31
258.9425
12
-549.7231
22
27.9959
32
258.9425
13
-548.8011
23
27.6086
33
258.9455
0
3DFACE
8
3D-AGUA
10
-549.3820
20
26.2257
30
258.8000
11
-550.3039
21
26.6129
31
258.7989
12
-549.7231
22
27.9959
32
258.7989
13
-548.8011
23
27.6086
33
258.8000
0
3DFACE
8
3D-COLECTOR-LOSA-SUPERIOR
10
-550.3427
20
26.5207
30
259.0425
11
-551.2646
21
26.9079
31
259.0395
12
-550.6063
22
28.4753
32
259.0395
13
-549.6844
23
28.0881
33
259.0425
0
3DFACE
8
3D-COLECTOR-MUROS
10
-550.3427
20
26.5207
30
258.1925
11
-551.2646
21
26.9079
31
258.1895
12
-551.2646
22
26.9079
32
259.0395
13
-550.3427
23
26.5207
33
259.0425
0
3DFACE
8
3D-COLECTOR-MUROS
10
-549.6844
20
28.0881
30
258.1925
11
-550.6063
21
28.4753
31
258.1895
12
-550.6063
22
28.4753
32
259.0395
13
-549.6844
23
28.0881
33
259.0425
0
3DFACE
8
3D-COLECTOR-LOSA-FONDO
10
-550.3427
20
26.5207
30
258.1925
11
-551.2646
21
26.9079
31
258.1895
12
-550.6063
22
28.4753
32
258.1895
13
-549.6844
23
28.0881
33
258.1925
0
3DFACE
8
3D-COLECTOR-INTERIOR
10
-550.3039
20
26.6129
30
258.3425
11
-551.2259
21
27.0001
31
258.3395
12
-550.6451
22
28.3831
32
258.3395
13
-549.7231
23
27.9959
33
258.3425
0
3DFACE
8
3D-COLECTOR-INTERIOR
10
-550.3039
20
26.6129
30
258.3425
11
-551.2259
21
27.0001
31
258.3395
12
-551.2259
22
27.0001
32
258.9395
13
-550.3039
23
26.6129
33
258.9425
0
3DFACE
8
3D-COLECTOR-INTERIOR
10
-549.7231
20
27.9959
30
258.3425
11
-550.6451
21
28.3831
31
258.3395
12
-550.6451
22
28.3831
32
258.9395
13
-549.7231
23
27.9959
33
258.9425
0
3DFACE
8
3D-COLECTOR-INTERIOR
10
-550.3039
20
26.6129
30
258.9425
11
-551.2259
21
27.0001
31
258.9395
12
-550.6451
22
28.3831
32
258.9395
13
-549.7231
23
27.9959
33
258.9425
0
3DFACE
8
3D-AGUA
10
-550.3039
20
26.6129
30
258.7989
11
-551.2259
21
27.0001
31
258.7977
12
-550.6451
22
28.3831
32
258.7977
13
-549.7231
23
27.9959
33
258.7989
0
3DFACE
8
3D-COLECTOR-LOSA-SUPERIOR
10
-551.2646
20
26.9079
30
259.0395
11
-552.1866
21
27.2952
31
259.0365
12
-551.5283
22
28.8625
32
259.0365
13
-550.6063
23
28.4753
33
259.0395
0
3DFACE
8
3D-COLECTOR-MUROS
10
-551.2646
20
26.9079
30
258.1895
11
-552.1866
21
27.2952
31
258.1865
12
-552.1866
22
27.2952
32
259.0365
13
-551.2646
23
26.9079
33
259.0395
0
3DFACE
8
3D-COLECTOR-MUROS
10
-550.6063
20
28.4753
30
258.1895
11
-551.5283
21
28.8625
31
258.1865
12
-551.5283
22
28.8625
32
259.0365
13
-550.6063
23
28.4753
33
259.0395
0
3DFACE
8
3D-COLECTOR-LOSA-FONDO
10
-551.2646
20
26.9079
30
258.1895
11
-552.1866
21
27.2952
31
258.1865
12
-551.5283
22
28.8625
32
258.1865
13
-550.6063
23
28.4753
33
258.1895
0
3DFACE
8
3D-COLECTOR-INTERIOR
10
-551.2259
20
27.0001
30
258.3395
11
-552.1479
21
27.3874
31
258.3365
12
-551.5670
22
28.7703
32
258.3365
13
-550.6451
23
28.3831
33
258.3395
0
3DFACE
8
3D-COLECTOR-INTERIOR
10
-551.2259
20
27.0001
30
258.3395
11
-552.1479
21
27.3874
31
258.3365
12
-552.1479
22
27.3874
32
258.9365
13
-551.2259
23
27.0001
33
258.9395
0
3DFACE
8
3D-COLECTOR-INTERIOR
10
-550.6451
20
28.3831
30
258.3395
11
-551.5670
21
28.7703
31
258.3365
12
-551.5670
22
28.7703
32
258.9365
13
-550.6451
23
28.3831
33
258.9395
0
3DFACE
8
3D-COLECTOR-INTERIOR
10
-551.2259
20
27.0001
30
258.9395
11
-552.1479
21
27.3874
31
258.9365
12
-551.5670
22
28.7703
32
258.9365
13
-550.6451
23
28.3831
33
258.9395
0
3DFACE
8
3D-AGUA
10
-551.2259
20
27.0001
30
258.7977
11
-552.1479
21
27.3874
31
258.7966
12
-551.5670
22
28.7703
32
258.7966
13
-550.6451
23
28.3831
33
258.7977
0
3DFACE
8
3D-COLECTOR-LOSA-SUPERIOR
10
-552.1866
20
27.2952
30
259.0365
11
-553.1086
21
27.6824
31
259.0335
12
-552.4503
22
29.2498
32
259.0335
13
-551.5283
23
28.8625
33
259.0365
0
3DFACE
8
3D-COLECTOR-MUROS
10
-552.1866
20
27.2952
30
258.1865
11
-553.1086
21
27.6824
31
258.1835
12
-553.1086
22
27.6824
32
259.0335
13
-552.1866
23
27.2952
33
259.0365
0
3DFACE
8
3D-COLECTOR-MUROS
10
-551.5283
20
28.8625
30
258.1865
11
-552.4503
21
29.2498
31
258.1835
12
-552.4503
22
29.2498
32
259.0335
13
-551.5283
23
28.8625
33
259.0365
0
3DFACE
8
3D-COLECTOR-LOSA-FONDO
10
-552.1866
20
27.2952
30
258.1865
11
-553.1086
21
27.6824
31
258.1835
12
-552.4503
22
29.2498
32
258.1835
13
-551.5283
23
28.8625
33
258.1865
0
3DFACE
8
3D-COLECTOR-INTERIOR
10
-552.1479
20
27.3874
30
258.3365
11
-553.0699
21
27.7746
31
258.3335
12
-552.4890
22
29.1576
32
258.3335
13
-551.5670
23
28.7703
33
258.3365
0
3DFACE
8
3D-COLECTOR-INTERIOR
10
-552.1479
20
27.3874
30
258.3365
11
-553.0699
21
27.7746
31
258.3335
12
-553.0699
22
27.7746
32
258.9335
13
-552.1479
23
27.3874
33
258.9365
0
3DFACE
8
3D-COLECTOR-INTERIOR
10
-551.5670
20
28.7703
30
258.3365
11
-552.4890
21
29.1576
31
258.3335
12
-552.4890
22
29.1576
32
258.9335
13
-551.5670
23
28.7703
33
258.9365
0
3DFACE
8
3D-COLECTOR-INTERIOR
10
-552.1479
20
27.3874
30
258.9365
11
-553.0699
21
27.7746
31
258.9335
12
-552.4890
22
29.1576
32
258.9335
13
-551.5670
23
28.7703
33
258.9365
0
3DFACE
8
3D-AGUA
10
-552.1479
20
27.3874
30
258.7966
11
-553.0699
21
27.7746
31
258.7955
12
-552.4890
22
29.1576
32
258.7955
13
-551.5670
23
28.7703
33
258.7966
0
3DFACE
8
3D-COLECTOR-LOSA-SUPERIOR
10
-553.1086
20
27.6824
30
259.0335
11
-554.0306
21
28.0696
31
259.0305
12
-553.3723
22
29.6370
32
259.0305
13
-552.4503
23
29.2498
33
259.0335
0
3DFACE
8
3D-COLECTOR-MUROS
10
-553.1086
20
27.6824
30
258.1835
11
-554.0306
21
28.0696
31
258.1805
12
-554.0306
22
28.0696
32
259.0305
13
-553.1086
23
27.6824
33
259.0335
0
3DFACE
8
3D-COLECTOR-MUROS
10
-552.4503
20
29.2498
30
258.1835
11
-553.3723
21
29.6370
31
258.1805
12
-553.3723
22
29.6370
32
259.0305
13
-552.4503
23
29.2498
33
259.0335
0
3DFACE
8
3D-COLECTOR-LOSA-FONDO
10
-553.1086
20
27.6824
30
258.1835
11
-554.0306
21
28.0696
31
258.1805
12
-553.3723
22
29.6370
32
258.1805
13
-552.4503
23
29.2498
33
258.1835
0
3DFACE
8
3D-COLECTOR-INTERIOR
10
-553.0699
20
27.7746
30
258.3335
11
-553.9919
21
28.1618
31
258.3305
12
-553.4110
22
29.5448
32
258.3305
13
-552.4890
23
29.1576
33
258.3335
0
3DFACE
8
3D-COLECTOR-INTERIOR
10
-553.0699
20
27.7746
30
258.3335
11
-553.9919
21
28.1618
31
258.3305
12
-553.9919
22
28.1618
32
258.9305
13
-553.0699
23
27.7746
33
258.9335
0
3DFACE
8
3D-COLECTOR-INTERIOR
10
-552.4890
20
29.1576
30
258.3335
11
-553.4110
21
29.5448
31
258.3305
12
-553.4110
22
29.5448
32
258.9305
13
-552.4890
23
29.1576
33
258.9335
0
3DFACE
8
3D-COLECTOR-INTERIOR
10
-553.0699
20
27.7746
30
258.9335
11
-553.9919
21
28.1618
31
258.9305
12
-553.4110
22
29.5448
32
258.9305
13
-552.4890
23
29.1576
33
258.9335
0
3DFACE
8
3D-AGUA
10
-553.0699
20
27.7746
30
258.7955
11
-553.9919
21
28.1618
31
258.7945
12
-553.4110
22
29.5448
32
258.7945
13
-552.4890
23
29.1576
33
258.7955
0
3DFACE
8
3D-COLECTOR-LOSA-SUPERIOR
10
-554.0306
20
28.0696
30
259.0305
11
-554.9526
21
28.4569
31
259.0274
12
-554.2943
22
30.0242
32
259.0274
13
-553.3723
23
29.6370
33
259.0305
0
3DFACE
8
3D-COLECTOR-MUROS
10
-554.0306
20
28.0696
30
258.1805
11
-554.9526
21
28.4569
31
258.1774
12
-554.9526
22
28.4569
32
259.0274
13
-554.0306
23
28.0696
33
259.0305
0
3DFACE
8
3D-COLECTOR-MUROS
10
-553.3723
20
29.6370
30
258.1805
11
-554.2943
21
30.0242
31
258.1774
12
-554.2943
22
30.0242
32
259.0274
13
-553.3723
23
29.6370
33
259.0305
0
3DFACE
8
3D-COLECTOR-LOSA-FONDO
10
-554.0306
20
28.0696
30
258.1805
11
-554.9526
21
28.4569
31
258.1774
12
-554.2943
22
30.0242
32
258.1774
13
-553.3723
23
29.6370
33
258.1805
0
3DFACE
8
3D-COLECTOR-INTERIOR
10
-553.9919
20
28.1618
30
258.3305
11
-554.9138
21
28.5491
31
258.3274
12
-554.3330
22
29.9320
32
258.3274
13
-553.4110
23
29.5448
33
258.3305
0
3DFACE
8
3D-COLECTOR-INTERIOR
10
-553.9919
20
28.1618
30
258.3305
11
-554.9138
21
28.5491
31
258.3274
12
-554.9138
22
28.5491
32
258.9274
13
-553.9919
23
28.1618
33
258.9305
0
3DFACE
8
3D-COLECTOR-INTERIOR
10
-553.4110
20
29.5448
30
258.3305
11
-554.3330
21
29.9320
31
258.3274
12
-554.3330
22
29.9320
32
258.9274
13
-553.4110
23
29.5448
33
258.9305
0
3DFACE
8
3D-COLECTOR-INTERIOR
10
-553.9919
20
28.1618
30
258.9305
11
-554.9138
21
28.5491
31
258.9274
12
-554.3330
22
29.9320
32
258.9274
13
-553.4110
23
29.5448
33
258.9305
0
3DFACE
8
3D-AGUA
10
-553.9919
20
28.1618
30
258.7945
11
-554.9138
21
28.5491
31
258.7934
12
-554.3330
22
29.9320
32
258.7934
13
-553.4110
23
29.5448
33
258.7945
0
3DFACE
8
3D-COLECTOR-LOSA-SUPERIOR
10
-554.9526
20
28.4569
30
259.0274
11
-555.8745
21
28.8441
31
259.0244
12
-555.2162
22
30.4115
32
259.0244
13
-554.2943
23
30.0242
33
259.0274
0
3DFACE
8
3D-COLECTOR-MUROS
10
-554.9526
20
28.4569
30
258.1774
11
-555.8745
21
28.8441
31
258.1744
12
-555.8745
22
28.8441
32
259.0244
13
-554.9526
23
28.4569
33
259.0274
0
3DFACE
8
3D-COLECTOR-MUROS
10
-554.2943
20
30.0242
30
258.1774
11
-555.2162
21
30.4115
31
258.1744
12
-555.2162
22
30.4115
32
259.0244
13
-554.2943
23
30.0242
33
259.0274
0
3DFACE
8
3D-COLECTOR-LOSA-FONDO
10
-554.9526
20
28.4569
30
258.1774
11
-555.8745
21
28.8441
31
258.1744
12
-555.2162
22
30.4115
32
258.1744
13
-554.2943
23
30.0242
33
258.1774
0
3DFACE
8
3D-COLECTOR-INTERIOR
10
-554.9138
20
28.5491
30
258.3274
11
-555.8358
21
28.9363
31
258.3244
12
-555.2550
22
30.3193
32
258.3244
13
-554.3330
23
29.9320
33
258.3274
0
3DFACE
8
3D-COLECTOR-INTERIOR
10
-554.9138
20
28.5491
30
258.3274
11
-555.8358
21
28.9363
31
258.3244
12
-555.8358
22
28.9363
32
258.9244
13
-554.9138
23
28.5491
33
258.9274
0
3DFACE
8
3D-COLECTOR-INTERIOR
10
-554.3330
20
29.9320
30
258.3274
11
-555.2550
21
30.3193
31
258.3244
12
-555.2550
22
30.3193
32
258.9244
13
-554.3330
23
29.9320
33
258.9274
0
3DFACE
8
3D-COLECTOR-INTERIOR
10
-554.9138
20
28.5491
30
258.9274
11
-555.8358
21
28.9363
31
258.9244
12
-555.2550
22
30.3193
32
258.9244
13
-554.3330
23
29.9320
33
258.9274
0
3DFACE
8
3D-AGUA
10
-554.9138
20
28.5491
30
258.7934
11
-555.8358
21
28.9363
31
258.7924
12
-555.2550
22
30.3193
32
258.7924
13
-554.3330
23
29.9320
33
258.7934
0
3DFACE
8
3D-COLECTOR-LOSA-SUPERIOR
10
-555.8745
20
28.8441
30
259.0244
11
-555.9340
21
28.8691
31
259.0242
12
-555.2757
22
30.4364
32
259.0242
13
-555.2162
23
30.4115
33
259.0244
0
3DFACE
8
3D-COLECTOR-MUROS
10
-555.8745
20
28.8441
30
258.1744
11
-555.9340
21
28.8691
31
258.1742
12
-555.9340
22
28.8691
32
259.0242
13
-555.8745
23
28.8441
33
259.0244
0
3DFACE
8
3D-COLECTOR-MUROS
10
-555.2162
20
30.4115
30
258.1744
11
-555.2757
21
30.4364
31
258.1742
12
-555.2757
22
30.4364
32
259.0242
13
-555.2162
23
30.4115
33
259.0244
0
3DFACE
8
3D-COLECTOR-LOSA-FONDO
10
-555.8745
20
28.8441
30
258.1744
11
-555.9340
21
28.8691
31
258.1742
12
-555.2757
22
30.4364
32
258.1742
13
-555.2162
23
30.4115
33
258.1744
0
3DFACE
8
3D-COLECTOR-INTERIOR
10
-555.8358
20
28.9363
30
258.3244
11
-555.8953
21
28.9613
31
258.3242
12
-555.3144
22
30.3442
32
258.3242
13
-555.2550
23
30.3193
33
258.3244
0
3DFACE
8
3D-COLECTOR-INTERIOR
10
-555.8358
20
28.9363
30
258.3244
11
-555.8953
21
28.9613
31
258.3242
12
-555.8953
22
28.9613
32
258.9242
13
-555.8358
23
28.9363
33
258.9244
0
3DFACE
8
3D-COLECTOR-INTERIOR
10
-555.2550
20
30.3193
30
258.3244
11
-555.3144
21
30.3442
31
258.3242
12
-555.3144
22
30.3442
32
258.9242
13
-555.2550
23
30.3193
33
258.9244
0
3DFACE
8
3D-COLECTOR-INTERIOR
10
-555.8358
20
28.9363
30
258.9244
11
-555.8953
21
28.9613
31
258.9242
12
-555.3144
22
30.3442
32
258.9242
13
-555.2550
23
30.3193
33
258.9244
0
3DFACE
8
3D-AGUA
10
-555.8358
20
28.9363
30
258.7924
11
-555.8953
21
28.9613
31
258.7924
12
-555.3144
22
30.3442
32
258.7924
13
-555.2550
23
30.3193
33
258.7924
0
3DFACE
8
3D-COLECTOR-LOSA-SUPERIOR
10
-555.9340
20
28.8691
30
259.0242
11
-556.8218
21
29.3113
31
259.0214
12
-556.0611
22
30.8316
32
259.0214
13
-555.2757
23
30.4364
33
259.0242
0
3DFACE
8
3D-COLECTOR-MUROS
10
-555.9340
20
28.8691
30
258.1742
11
-556.8218
21
29.3113
31
258.1714
12
-556.8218
22
29.3113
32
259.0214
13
-555.9340
23
28.8691
33
259.0242
0
3DFACE
8
3D-COLECTOR-MUROS
10
-555.2757
20
30.4364
30
258.1742
11
-556.0611
21
30.8316
31
258.1714
12
-556.0611
22
30.8316
32
259.0214
13
-555.2757
23
30.4364
33
259.0242
0
3DFACE
8
3D-COLECTOR-LOSA-FONDO
10
-555.9340
20
28.8691
30
258.1742
11
-556.8218
21
29.3113
31
258.1714
12
-556.0611
22
30.8316
32
258.1714
13
-555.2757
23
30.4364
33
258.1742
0
3DFACE
8
3D-COLECTOR-INTERIOR
10
-555.8953
20
28.9613
30
258.3242
11
-556.7771
21
29.4007
31
258.3214
12
-556.1058
22
30.7421
32
258.3214
13
-555.3144
23
30.3442
33
258.3242
0
3DFACE
8
3D-COLECTOR-INTERIOR
10
-555.8953
20
28.9613
30
258.3242
11
-556.7771
21
29.4007
31
258.3214
12
-556.7771
22
29.4007
32
258.9214
13
-555.8953
23
28.9613
33
258.9242
0
3DFACE
8
3D-COLECTOR-INTERIOR
10
-555.3144
20
30.3442
30
258.3242
11
-556.1058
21
30.7421
31
258.3214
12
-556.1058
22
30.7421
32
258.9214
13
-555.3144
23
30.3442
33
258.9242
0
3DFACE
8
3D-COLECTOR-INTERIOR
10
-555.8953
20
28.9613
30
258.9242
11
-556.7771
21
29.4007
31
258.9214
12
-556.1058
22
30.7421
32
258.9214
13
-555.3144
23
30.3442
33
258.9242
0
3DFACE
8
3D-AGUA
10
-555.8953
20
28.9613
30
258.7924
11
-556.7771
21
29.4007
31
258.7914
12
-556.1058
22
30.7421
32
258.7914
13
-555.3144
23
30.3442
33
258.7924
0
3DFACE
8
3D-COLECTOR-LOSA-SUPERIOR
10
-556.8218
20
29.3113
30
259.0214
11
-557.7161
21
29.7588
31
259.0184
12
-556.9553
22
31.2791
32
259.0184
13
-556.0611
23
30.8316
33
259.0214
0
3DFACE
8
3D-COLECTOR-MUROS
10
-556.8218
20
29.3113
30
258.1714
11
-557.7161
21
29.7588
31
258.1684
12
-557.7161
22
29.7588
32
259.0184
13
-556.8218
23
29.3113
33
259.0214
0
3DFACE
8
3D-COLECTOR-MUROS
10
-556.0611
20
30.8316
30
258.1714
11
-556.9553
21
31.2791
31
258.1684
12
-556.9553
22
31.2791
32
259.0184
13
-556.0611
23
30.8316
33
259.0214
0
3DFACE
8
3D-COLECTOR-LOSA-FONDO
10
-556.8218
20
29.3113
30
258.1714
11
-557.7161
21
29.7588
31
258.1684
12
-556.9553
22
31.2791
32
258.1684
13
-556.0611
23
30.8316
33
258.1714
0
3DFACE
8
3D-COLECTOR-INTERIOR
10
-556.7771
20
29.4007
30
258.3214
11
-557.6714
21
29.8482
31
258.3184
12
-557.0001
22
31.1897
32
258.3184
13
-556.1058
23
30.7421
33
258.3214
0
3DFACE
8
3D-COLECTOR-INTERIOR
10
-556.7771
20
29.4007
30
258.3214
11
-557.6714
21
29.8482
31
258.3184
12
-557.6714
22
29.8482
32
258.9184
13
-556.7771
23
29.4007
33
258.9214
0
3DFACE
8
3D-COLECTOR-INTERIOR
10
-556.1058
20
30.7421
30
258.3214
11
-557.0001
21
31.1897
31
258.3184
12
-557.0001
22
31.1897
32
258.9184
13
-556.1058
23
30.7421
33
258.9214
0
3DFACE
8
3D-COLECTOR-INTERIOR
10
-556.7771
20
29.4007
30
258.9214
11
-557.6714
21
29.8482
31
258.9184
12
-557.0001
22
31.1897
32
258.9184
13
-556.1058
23
30.7421
33
258.9214
0
3DFACE
8
3D-AGUA
10
-556.7771
20
29.4007
30
258.7914
11
-557.6714
21
29.8482
31
258.7904
12
-557.0001
22
31.1897
32
258.7904
13
-556.1058
23
30.7421
33
258.7914
0
3DFACE
8
3D-COLECTOR-LOSA-SUPERIOR
10
-557.7161
20
29.7588
30
259.0184
11
-558.6104
21
30.2063
31
259.0154
12
-557.8496
22
31.7266
32
259.0154
13
-556.9553
23
31.2791
33
259.0184
0
3DFACE
8
3D-COLECTOR-MUROS
10
-557.7161
20
29.7588
30
258.1684
11
-558.6104
21
30.2063
31
258.1654
12
-558.6104
22
30.2063
32
259.0154
13
-557.7161
23
29.7588
33
259.0184
0
3DFACE
8
3D-COLECTOR-MUROS
10
-556.9553
20
31.2791
30
258.1684
11
-557.8496
21
31.7266
31
258.1654
12
-557.8496
22
31.7266
32
259.0154
13
-556.9553
23
31.2791
33
259.0184
0
3DFACE
8
3D-COLECTOR-LOSA-FONDO
10
-557.7161
20
29.7588
30
258.1684
11
-558.6104
21
30.2063
31
258.1654
12
-557.8496
22
31.7266
32
258.1654
13
-556.9553
23
31.2791
33
258.1684
0
3DFACE
8
3D-COLECTOR-INTERIOR
10
-557.6714
20
29.8482
30
258.3184
11
-558.5656
21
30.2958
31
258.3154
12
-557.8944
22
31.6372
32
258.3154
13
-557.0001
23
31.1897
33
258.3184
0
3DFACE
8
3D-COLECTOR-INTERIOR
10
-557.6714
20
29.8482
30
258.3184
11
-558.5656
21
30.2958
31
258.3154
12
-558.5656
22
30.2958
32
258.9154
13
-557.6714
23
29.8482
33
258.9184
0
3DFACE
8
3D-COLECTOR-INTERIOR
10
-557.0001
20
31.1897
30
258.3184
11
-557.8944
21
31.6372
31
258.3154
12
-557.8944
22
31.6372
32
258.9154
13
-557.0001
23
31.1897
33
258.9184
0
3DFACE
8
3D-COLECTOR-INTERIOR
10
-557.6714
20
29.8482
30
258.9184
11
-558.5656
21
30.2958
31
258.9154
12
-557.8944
22
31.6372
32
258.9154
13
-557.0001
23
31.1897
33
258.9184
0
3DFACE
8
3D-AGUA
10
-557.6714
20
29.8482
30
258.7904
11
-558.5656
21
30.2958
31
258.7894
12
-557.8944
22
31.6372
32
258.7894
13
-557.0001
23
31.1897
33
258.7904
0
3DFACE
8
3D-COLECTOR-LOSA-SUPERIOR
10
-558.6104
20
30.2063
30
259.0154
11
-559.4995
21
30.6513
31
259.0123
12
-558.7388
22
32.1716
32
259.0123
13
-557.8496
23
31.7266
33
259.0154
0
3DFACE
8
3D-COLECTOR-MUROS
10
-558.6104
20
30.2063
30
258.1654
11
-559.4995
21
30.6513
31
258.1623
12
-559.4995
22
30.6513
32
259.0123
13
-558.6104
23
30.2063
33
259.0154
0
3DFACE
8
3D-COLECTOR-MUROS
10
-557.8496
20
31.7266
30
258.1654
11
-558.7388
21
32.1716
31
258.1623
12
-558.7388
22
32.1716
32
259.0123
13
-557.8496
23
31.7266
33
259.0154
0
3DFACE
8
3D-COLECTOR-LOSA-FONDO
10
-558.6104
20
30.2063
30
258.1654
11
-559.4995
21
30.6513
31
258.1623
12
-558.7388
22
32.1716
32
258.1623
13
-557.8496
23
31.7266
33
258.1654
0
3DFACE
8
3D-COLECTOR-INTERIOR
10
-558.5656
20
30.2958
30
258.3154
11
-559.4548
21
30.7407
31
258.3123
12
-558.7835
22
32.0821
32
258.3123
13
-557.8944
23
31.6372
33
258.3154
0
3DFACE
8
3D-COLECTOR-INTERIOR
10
-558.5656
20
30.2958
30
258.3154
11
-559.4548
21
30.7407
31
258.3123
12
-559.4548
22
30.7407
32
258.9123
13
-558.5656
23
30.2958
33
258.9154
0
3DFACE
8
3D-COLECTOR-INTERIOR
10
-557.8944
20
31.6372
30
258.3154
11
-558.7835
21
32.0821
31
258.3123
12
-558.7835
22
32.0821
32
258.9123
13
-557.8944
23
31.6372
33
258.9154
0
3DFACE
8
3D-COLECTOR-INTERIOR
10
-558.5656
20
30.2958
30
258.9154
11
-559.4548
21
30.7407
31
258.9123
12
-558.7835
22
32.0821
32
258.9123
13
-557.8944
23
31.6372
33
258.9154
0
3DFACE
8
3D-AGUA
10
-558.5656
20
30.2958
30
258.7894
11
-559.4548
21
30.7407
31
258.7884
12
-558.7835
22
32.0821
32
258.7884
13
-557.8944
23
31.6372
33
258.7894
0
3DFACE
8
3D-COLECTOR-LOSA-SUPERIOR
10
-559.4995
20
30.6513
30
259.0123
11
-559.6537
21
30.7505
31
259.0123
12
-558.5935
22
32.0795
32
259.0123
13
-558.7388
23
32.1716
33
259.0123
0
3DFACE
8
3D-COLECTOR-MUROS
10
-559.4995
20
30.6513
30
258.1623
11
-559.6537
21
30.7505
31
258.1623
12
-559.6537
22
30.7505
32
259.0123
13
-559.4995
23
30.6513
33
259.0123
0
3DFACE
8
3D-COLECTOR-MUROS
10
-558.7388
20
32.1716
30
258.1623
11
-558.5935
21
32.0795
31
258.1623
12
-558.5935
22
32.0795
32
259.0123
13
-558.7388
23
32.1716
33
259.0123
0
3DFACE
8
3D-COLECTOR-LOSA-FONDO
10
-559.4995
20
30.6513
30
258.1623
11
-559.6537
21
30.7505
31
258.1623
12
-558.5935
22
32.0795
32
258.1623
13
-558.7388
23
32.1716
33
258.1623
0
3DFACE
8
3D-COLECTOR-INTERIOR
10
-559.4548
20
30.7407
30
258.3123
11
-559.5913
21
30.8287
31
258.3123
12
-558.6559
22
32.0013
32
258.3123
13
-558.7835
23
32.0821
33
258.3123
0
3DFACE
8
3D-COLECTOR-INTERIOR
10
-559.4548
20
30.7407
30
258.3123
11
-559.5913
21
30.8287
31
258.3123
12
-559.5913
22
30.8287
32
258.9123
13
-559.4548
23
30.7407
33
258.9123
0
3DFACE
8
3D-COLECTOR-INTERIOR
10
-558.7835
20
32.0821
30
258.3123
11
-558.6559
21
32.0013
31
258.3123
12
-558.6559
22
32.0013
32
258.9123
13
-558.7835
23
32.0821
33
258.9123
0
3DFACE
8
3D-COLECTOR-INTERIOR
10
-559.4548
20
30.7407
30
258.9123
11
-559.5913
21
30.8287
31
258.9123
12
-558.6559
22
32.0013
32
258.9123
13
-558.7835
23
32.0821
33
258.9123
0
3DFACE
8
3D-AGUA
10
-559.4548
20
30.7407
30
258.7884
11
-559.5913
21
30.8287
31
258.7884
12
-558.6559
22
32.0013
32
258.7884
13
-558.7835
23
32.0821
33
258.7884
0
3DFACE
8
3D-COLECTOR-LOSA-SUPERIOR
10
-559.6537
20
30.7505
30
259.0123
11
-560.4354
21
31.3742
31
259.0093
12
-559.3753
22
32.7031
32
259.0093
13
-558.5935
23
32.0795
33
259.0123
0
3DFACE
8
3D-COLECTOR-MUROS
10
-559.6537
20
30.7505
30
258.1623
11
-560.4354
21
31.3742
31
258.1593
12
-560.4354
22
31.3742
32
259.0093
13
-559.6537
23
30.7505
33
259.0123
0
3DFACE
8
3D-COLECTOR-MUROS
10
-558.5935
20
32.0795
30
258.1623
11
-559.3753
21
32.7031
31
258.1593
12
-559.3753
22
32.7031
32
259.0093
13
-558.5935
23
32.0795
33
259.0123
0
3DFACE
8
3D-COLECTOR-LOSA-FONDO
10
-559.6537
20
30.7505
30
258.1623
11
-560.4354
21
31.3742
31
258.1593
12
-559.3753
22
32.7031
32
258.1593
13
-558.5935
23
32.0795
33
258.1623
0
3DFACE
8
3D-COLECTOR-INTERIOR
10
-559.5913
20
30.8287
30
258.3123
11
-560.3731
21
31.4523
31
258.3093
12
-559.4376
22
32.6249
32
258.3093
13
-558.6559
23
32.0013
33
258.3123
0
3DFACE
8
3D-COLECTOR-INTERIOR
10
-559.5913
20
30.8287
30
258.3123
11
-560.3731
21
31.4523
31
258.3093
12
-560.3731
22
31.4523
32
258.9093
13
-559.5913
23
30.8287
33
258.9123
0
3DFACE
8
3D-COLECTOR-INTERIOR
10
-558.6559
20
32.0013
30
258.3123
11
-559.4376
21
32.6249
31
258.3093
12
-559.4376
22
32.6249
32
258.9093
13
-558.6559
23
32.0013
33
258.9123
0
3DFACE
8
3D-COLECTOR-INTERIOR
10
-559.5913
20
30.8287
30
258.9123
11
-560.3731
21
31.4523
31
258.9093
12
-559.4376
22
32.6249
32
258.9093
13
-558.6559
23
32.0013
33
258.9123
0
3DFACE
8
3D-AGUA
10
-559.5913
20
30.8287
30
258.7884
11
-560.3731
21
31.4523
31
258.7874
12
-559.4376
22
32.6249
32
258.7874
13
-558.6559
23
32.0013
33
258.7884
0
3DFACE
8
3D-COLECTOR-LOSA-SUPERIOR
10
-560.4354
20
31.3742
30
259.0093
11
-561.2172
21
31.9978
31
259.0063
12
-560.1570
22
33.3267
32
259.0063
13
-559.3753
23
32.7031
33
259.0093
0
3DFACE
8
3D-COLECTOR-MUROS
10
-560.4354
20
31.3742
30
258.1593
11
-561.2172
21
31.9978
31
258.1563
12
-561.2172
22
31.9978
32
259.0063
13
-560.4354
23
31.3742
33
259.0093
0
3DFACE
8
3D-COLECTOR-MUROS
10
-559.3753
20
32.7031
30
258.1593
11
-560.1570
21
33.3267
31
258.1563
12
-560.1570
22
33.3267
32
259.0063
13
-559.3753
23
32.7031
33
259.0093
0
3DFACE
8
3D-COLECTOR-LOSA-FONDO
10
-560.4354
20
31.3742
30
258.1593
11
-561.2172
21
31.9978
31
258.1563
12
-560.1570
22
33.3267
32
258.1563
13
-559.3753
23
32.7031
33
258.1593
0
3DFACE
8
3D-COLECTOR-INTERIOR
10
-560.3731
20
31.4523
30
258.3093
11
-561.1548
21
32.0760
31
258.3063
12
-560.2193
22
33.2486
32
258.3063
13
-559.4376
23
32.6249
33
258.3093
0
3DFACE
8
3D-COLECTOR-INTERIOR
10
-560.3731
20
31.4523
30
258.3093
11
-561.1548
21
32.0760
31
258.3063
12
-561.1548
22
32.0760
32
258.9063
13
-560.3731
23
31.4523
33
258.9093
0
3DFACE
8
3D-COLECTOR-INTERIOR
10
-559.4376
20
32.6249
30
258.3093
11
-560.2193
21
33.2486
31
258.3063
12
-560.2193
22
33.2486
32
258.9063
13
-559.4376
23
32.6249
33
258.9093
0
3DFACE
8
3D-COLECTOR-INTERIOR
10
-560.3731
20
31.4523
30
258.9093
11
-561.1548
21
32.0760
31
258.9063
12
-560.2193
22
33.2486
32
258.9063
13
-559.4376
23
32.6249
33
258.9093
0
3DFACE
8
3D-AGUA
10
-560.3731
20
31.4523
30
258.7874
11
-561.1548
21
32.0760
31
258.7865
12
-560.2193
22
33.2486
32
258.7865
13
-559.4376
23
32.6249
33
258.7874
0
3DFACE
8
3D-COLECTOR-LOSA-SUPERIOR
10
-561.2172
20
31.9978
30
259.0063
11
-561.9989
21
32.6214
31
259.0033
12
-560.9387
22
33.9504
32
259.0033
13
-560.1570
23
33.3267
33
259.0063
0
3DFACE
8
3D-COLECTOR-MUROS
10
-561.2172
20
31.9978
30
258.1563
11
-561.9989
21
32.6214
31
258.1533
12
-561.9989
22
32.6214
32
259.0033
13
-561.2172
23
31.9978
33
259.0063
0
3DFACE
8
3D-COLECTOR-MUROS
10
-560.1570
20
33.3267
30
258.1563
11
-560.9387
21
33.9504
31
258.1533
12
-560.9387
22
33.9504
32
259.0033
13
-560.1570
23
33.3267
33
259.0063
0
3DFACE
8
3D-COLECTOR-LOSA-FONDO
10
-561.2172
20
31.9978
30
258.1563
11
-561.9989
21
32.6214
31
258.1533
12
-560.9387
22
33.9504
32
258.1533
13
-560.1570
23
33.3267
33
258.1563
0
3DFACE
8
3D-COLECTOR-INTERIOR
10
-561.1548
20
32.0760
30
258.3063
11
-561.9365
21
32.6996
31
258.3033
12
-561.0011
22
33.8722
32
258.3033
13
-560.2193
23
33.2486
33
258.3063
0
3DFACE
8
3D-COLECTOR-INTERIOR
10
-561.1548
20
32.0760
30
258.3063
11
-561.9365
21
32.6996
31
258.3033
12
-561.9365
22
32.6996
32
258.9033
13
-561.1548
23
32.0760
33
258.9063
0
3DFACE
8
3D-COLECTOR-INTERIOR
10
-560.2193
20
33.2486
30
258.3063
11
-561.0011
21
33.8722
31
258.3033
12
-561.0011
22
33.8722
32
258.9033
13
-560.2193
23
33.2486
33
258.9063
0
3DFACE
8
3D-COLECTOR-INTERIOR
10
-561.1548
20
32.0760
30
258.9063
11
-561.9365
21
32.6996
31
258.9033
12
-561.0011
22
33.8722
32
258.9033
13
-560.2193
23
33.2486
33
258.9063
0
3DFACE
8
3D-AGUA
10
-561.1548
20
32.0760
30
258.7865
11
-561.9365
21
32.6996
31
258.7856
12
-561.0011
22
33.8722
32
258.7856
13
-560.2193
23
33.2486
33
258.7865
0
3DFACE
8
3D-COLECTOR-LOSA-SUPERIOR
10
-561.9989
20
32.6214
30
259.0033
11
-562.7806
21
33.2451
31
259.0003
12
-561.7204
22
34.5740
32
259.0003
13
-560.9387
23
33.9504
33
259.0033
0
3DFACE
8
3D-COLECTOR-MUROS
10
-561.9989
20
32.6214
30
258.1533
11
-562.7806
21
33.2451
31
258.1503
12
-562.7806
22
33.2451
32
259.0003
13
-561.9989
23
32.6214
33
259.0033
0
3DFACE
8
3D-COLECTOR-MUROS
10
-560.9387
20
33.9504
30
258.1533
11
-561.7204
21
34.5740
31
258.1503
12
-561.7204
22
34.5740
32
259.0003
13
-560.9387
23
33.9504
33
259.0033
0
3DFACE
8
3D-COLECTOR-LOSA-FONDO
10
-561.9989
20
32.6214
30
258.1533
11
-562.7806
21
33.2451
31
258.1503
12
-561.7204
22
34.5740
32
258.1503
13
-560.9387
23
33.9504
33
258.1533
0
3DFACE
8
3D-COLECTOR-INTERIOR
10
-561.9365
20
32.6996
30
258.3033
11
-562.7182
21
33.3232
31
258.3003
12
-561.7828
22
34.4958
32
258.3003
13
-561.0011
23
33.8722
33
258.3033
0
3DFACE
8
3D-COLECTOR-INTERIOR
10
-561.9365
20
32.6996
30
258.3033
11
-562.7182
21
33.3232
31
258.3003
12
-562.7182
22
33.3232
32
258.9003
13
-561.9365
23
32.6996
33
258.9033
0
3DFACE
8
3D-COLECTOR-INTERIOR
10
-561.0011
20
33.8722
30
258.3033
11
-561.7828
21
34.4958
31
258.3003
12
-561.7828
22
34.4958
32
258.9003
13
-561.0011
23
33.8722
33
258.9033
0
3DFACE
8
3D-COLECTOR-INTERIOR
10
-561.9365
20
32.6996
30
258.9033
11
-562.7182
21
33.3232
31
258.9003
12
-561.7828
22
34.4958
32
258.9003
13
-561.0011
23
33.8722
33
258.9033
0
3DFACE
8
3D-AGUA
10
-561.9365
20
32.6996
30
258.7856
11
-562.7182
21
33.3232
31
258.7847
12
-561.7828
22
34.4958
32
258.7847
13
-561.0011
23
33.8722
33
258.7856
0
3DFACE
8
3D-COLECTOR-LOSA-SUPERIOR
10
-562.7806
20
33.2451
30
259.0003
11
-562.8459
21
33.2972
31
259.0000
12
-561.7858
22
34.6261
32
259.0000
13
-561.7204
23
34.5740
33
259.0003
0
3DFACE
8
3D-COLECTOR-MUROS
10
-562.7806
20
33.2451
30
258.1503
11
-562.8459
21
33.2972
31
258.1500
12
-562.8459
22
33.2972
32
259.0000
13
-562.7806
23
33.2451
33
259.0003
0
3DFACE
8
3D-COLECTOR-MUROS
10
-561.7204
20
34.5740
30
258.1503
11
-561.7858
21
34.6261
31
258.1500
12
-561.7858
22
34.6261
32
259.0000
13
-561.7204
23
34.5740
33
259.0003
0
3DFACE
8
3D-COLECTOR-LOSA-FONDO
10
-562.7806
20
33.2451
30
258.1503
11
-562.8459
21
33.2972
31
258.1500
12
-561.7858
22
34.6261
32
258.1500
13
-561.7204
23
34.5740
33
258.1503
0
3DFACE
8
3D-COLECTOR-INTERIOR
10
-562.7182
20
33.3232
30
258.3003
11
-562.7836
21
33.3754
31
258.3000
12
-561.8481
22
34.5479
32
258.3000
13
-561.7828
23
34.4958
33
258.3003
0
3DFACE
8
3D-COLECTOR-INTERIOR
10
-562.7182
20
33.3232
30
258.3003
11
-562.7836
21
33.3754
31
258.3000
12
-562.7836
22
33.3754
32
258.9000
13
-562.7182
23
33.3232
33
258.9003
0
3DFACE
8
3D-COLECTOR-INTERIOR
10
-561.7828
20
34.4958
30
258.3003
11
-561.8481
21
34.5479
31
258.3000
12
-561.8481
22
34.5479
32
258.9000
13
-561.7828
23
34.4958
33
258.9003
0
3DFACE
8
3D-COLECTOR-INTERIOR
10
-562.7182
20
33.3232
30
258.9003
11
-562.7836
21
33.3754
31
258.9000
12
-561.8481
22
34.5479
32
258.9000
13
-561.7828
23
34.4958
33
258.9003
0
3DFACE
8
3D-AGUA
10
-562.7182
20
33.3232
30
258.7847
11
-562.7836
21
33.3754
31
258.7847
12
-561.8481
22
34.5479
32
258.7847
13
-561.7828
23
34.4958
33
258.7847
0
3DFACE
8
3D-COLECTOR-MUROS
10
-426.9106
20
13.7512
30
258.5700
11
-426.9354
21
15.4510
31
258.5700
12
-426.9354
22
15.4510
32
259.2500
13
-426.9106
23
13.7512
33
259.2500
0
3DFACE
8
3D-REGISTROS-TAPAS
10
-426.6186
20
14.3055
30
259.2550
11
-427.2186
21
14.2967
31
259.2550
12
-427.2274
22
14.8967
32
259.2550
13
-426.6274
23
14.9054
33
259.2550
0
3DFACE
8
3D-REGISTROS-TAPAS
10
-436.1076
20
14.1669
30
259.2550
11
-436.7076
21
14.1581
31
259.2550
12
-436.7163
22
14.7580
32
259.2550
13
-436.1164
23
14.7668
33
259.2550
0
3DFACE
8
3D-REGISTROS-TAPAS
10
-445.5953
20
14.0277
30
259.2550
11
-446.1951
21
14.0163
31
259.2550
12
-446.2066
22
14.6161
32
259.2550
13
-445.6067
23
14.6276
33
259.2550
0
3DFACE
8
3D-REGISTROS-TAPAS
10
-455.0735
20
13.8462
30
259.2550
11
-455.6734
21
13.8348
31
259.2550
12
-455.6849
22
14.4346
32
259.2550
13
-455.0850
23
14.4461
33
259.2550
0
3DFACE
8
3D-REGISTROS-TAPAS
10
-464.5618
20
13.6646
30
259.2550
11
-465.1617
21
13.6531
31
259.2550
12
-465.1732
22
14.2530
32
259.2550
13
-464.5733
23
14.2644
33
259.2550
0
3DFACE
8
3D-REGISTROS-TAPAS
10
-475.9897
20
13.4457
30
259.2550
11
-476.5896
21
13.4342
31
259.2550
12
-476.6011
22
14.0341
32
259.2550
13
-476.0012
23
14.0456
33
259.2550
0
3DFACE
8
3D-REGISTROS-TAPAS
10
-486.7701
20
13.6947
30
259.2550
11
-487.3698
21
13.7133
31
259.2550
12
-487.3512
22
14.3130
32
259.2550
13
-486.7515
23
14.2944
33
259.2550
0
3DFACE
8
3D-REGISTROS-TAPAS
10
-495.8957
20
13.9777
30
259.2550
11
-496.4954
21
13.9963
31
259.2550
12
-496.4768
22
14.5960
32
259.2550
13
-495.8771
23
14.5774
33
259.2550
0
3DFACE
8
3D-REGISTROS-TAPAS
10
-505.0313
20
14.2610
30
259.1882
11
-505.6815
21
14.3459
31
259.1882
12
-505.5466
22
14.9306
32
259.1882
13
-505.0127
23
14.8607
33
259.1882
0
3DFACE
8
3D-REGISTROS-TAPAS
10
-514.2075
20
16.3132
30
259.1600
11
-514.7921
21
16.4481
31
259.1600
12
-514.6572
22
17.0327
32
259.1600
13
-514.0726
23
16.8978
33
259.1600
0
3DFACE
8
3D-REGISTROS-TAPAS
10
-523.3181
20
18.4153
30
259.1317
11
-523.9028
21
18.5502
31
259.1317
12
-523.7679
22
19.1349
32
259.1317
13
-523.1832
23
19.0000
33
259.1317
0
3DFACE
8
3D-REGISTROS-TAPAS
10
-532.4287
20
20.5175
30
259.1035
11
-533.0134
21
20.6524
31
259.1035
12
-532.8785
22
21.2370
32
259.1035
13
-532.2938
23
21.1021
33
259.1035
0
3DFACE
8
3D-REGISTROS-TAPAS
10
-541.3674
20
23.3746
30
259.0752
11
-541.9517
21
23.5930
31
259.0752
12
-541.7194
22
24.1462
32
259.0752
13
-541.1805
23
23.9448
33
259.0752
0
3DFACE
8
3D-REGISTROS-TAPAS
10
-551.1900
20
27.4731
30
259.0432
11
-551.7431
21
27.7054
31
259.0432
12
-551.5108
22
28.2586
32
259.0432
13
-550.9576
23
28.0263
33
259.0432
0
3DFACE
8
3D-REGISTROS-TAPAS
10
-560.7022
20
32.2905
30
259.0111
11
-561.1712
21
32.6647
31
259.0111
12
-560.7970
22
33.1338
32
259.0111
13
-560.3280
23
32.7596
33
259.0111
0
3DFACE
8
3D-CUNETAS
10
-426.6354
20
15.4554
30
258.6300
11
-426.6793
21
18.4551
31
258.6300
12
-426.6793
22
18.4551
32
259.2500
13
-426.6354
23
15.4554
33
259.2500
0
3DFACE
8
3D-CUNETAS
10
-427.2354
20
15.4466
30
258.6300
11
-427.2792
21
18.4463
31
258.6300
12
-427.2792
22
18.4463
32
259.2500
13
-427.2354
23
15.4466
33
259.2500
0
3DFACE
8
3D-CUNETAS
10
-426.6354
20
15.4554
30
259.2500
11
-427.2354
21
15.4466
31
259.2500
12
-427.2792
22
18.4463
32
259.2500
13
-426.6793
23
18.4551
33
259.2500
0
3DFACE
8
3D-CUNETAS
10
-464.5853
20
14.8143
30
258.6400
11
-464.6428
21
17.8138
31
258.6400
12
-464.6428
22
17.8138
32
259.2500
13
-464.5853
23
14.8143
33
259.2500
0
3DFACE
8
3D-CUNETAS
10
-465.1852
20
14.8028
30
258.6400
11
-465.2427
21
17.8023
31
258.6400
12
-465.2427
22
17.8023
32
259.2500
13
-465.1852
23
14.8028
33
259.2500
0
3DFACE
8
3D-CUNETAS
10
-464.5853
20
14.8143
30
259.2500
11
-465.1852
21
14.8028
31
259.2500
12
-465.2427
22
17.8023
32
259.2500
13
-464.6428
23
17.8138
33
259.2500
0
3DFACE
8
3D-CUNETAS
10
-476.0163
20
14.5954
30
258.6400
11
-476.0738
21
17.5949
31
258.6400
12
-476.0738
22
17.5949
32
259.2500
13
-476.0163
23
14.5954
33
259.2500
0
3DFACE
8
3D-CUNETAS
10
-476.6162
20
14.5839
30
258.6400
11
-476.6737
21
17.5834
31
258.6400
12
-476.6737
22
17.5834
32
259.2500
13
-476.6162
23
14.5839
33
259.2500
0
3DFACE
8
3D-CUNETAS
10
-476.0163
20
14.5954
30
259.2500
11
-476.6162
21
14.5839
31
259.2500
12
-476.6737
22
17.5834
32
259.2500
13
-476.0738
23
17.5949
33
259.2500
0
3DFACE
8
3D-CUNETAS
10
-486.7328
20
14.8441
30
258.7000
11
-486.6398
21
17.8427
31
258.7000
12
-486.6398
22
17.8427
32
259.2500
13
-486.7328
23
14.8441
33
259.2500
0
3DFACE
8
3D-CUNETAS
10
-487.3325
20
14.8627
30
258.7000
11
-487.2395
21
17.8613
31
258.7000
12
-487.2395
22
17.8613
32
259.2500
13
-487.3325
23
14.8627
33
259.2500
0
3DFACE
8
3D-CUNETAS
10
-486.7328
20
14.8441
30
259.2500
11
-487.3325
21
14.8627
31
259.2500
12
-487.2395
22
17.8613
32
259.2500
13
-486.6398
23
17.8427
33
259.2500
0
3DFACE
8
3D-CAJA-SALIDA
10
-561.8481
20
34.5479
30
259.0000
11
-561.9599
21
35.5417
31
258.7500
12
-561.8109
22
35.5584
32
258.7500
13
-561.6991
23
34.5647
33
259.0000
0
3DFACE
8
3D-CAJA-SALIDA
10
-561.8481
20
34.5479
30
258.1000
11
-561.9599
21
35.5417
31
258.1000
12
-561.9599
22
35.5417
32
258.7500
13
-561.8481
23
34.5479
33
259.0000
0
3DFACE
8
3D-CAJA-SALIDA
10
-561.9599
20
35.5417
30
258.1000
11
-561.8109
21
35.5584
31
258.1000
12
-561.8109
22
35.5584
32
258.7500
13
-561.9599
23
35.5417
33
258.7500
0
3DFACE
8
3D-CAJA-SALIDA
10
-561.8109
20
35.5584
30
258.1000
11
-561.6991
21
34.5647
31
258.1000
12
-561.6991
22
34.5647
32
259.0000
13
-561.8109
23
35.5584
33
258.7500
0
3DFACE
8
3D-CAJA-SALIDA
10
-561.6991
20
34.5647
30
258.1000
11
-561.8481
21
34.5479
31
258.1000
12
-561.8481
22
34.5479
32
259.0000
13
-561.6991
23
34.5647
33
259.0000
0
3DFACE
8
3D-CAJA-SALIDA
10
-562.7836
20
33.3754
30
259.0000
11
-563.7773
21
33.2636
31
258.7500
12
-563.7605
22
33.1145
32
258.7500
13
-562.7668
23
33.2263
33
259.0000
0
3DFACE
8
3D-CAJA-SALIDA
10
-562.7836
20
33.3754
30
258.1000
11
-563.7773
21
33.2636
31
258.1000
12
-563.7773
22
33.2636
32
258.7500
13
-562.7836
23
33.3754
33
259.0000
0
3DFACE
8
3D-CAJA-SALIDA
10
-563.7773
20
33.2636
30
258.1000
11
-563.7605
21
33.1145
31
258.1000
12
-563.7605
22
33.1145
32
258.7500
13
-563.7773
23
33.2636
33
258.7500
0
3DFACE
8
3D-CAJA-SALIDA
10
-563.7605
20
33.1145
30
258.1000
11
-562.7668
21
33.2263
31
258.1000
12
-562.7668
22
33.2263
32
259.0000
13
-563.7605
23
33.1145
33
258.7500
0
3DFACE
8
3D-CAJA-SALIDA
10
-562.7668
20
33.2263
30
258.1000
11
-562.7836
21
33.3754
31
258.1000
12
-562.7836
22
33.3754
32
259.0000
13
-562.7668
23
33.2263
33
259.0000
0
3DFACE
8
3D-EMBOQUILLADO
10
-562.7836
20
33.3754
30
258.3000
11
-563.7773
21
33.2636
31
258.3000
12
-561.9599
22
35.5417
32
258.3000
13
-561.8481
23
34.5479
33
258.3000
0
3DFACE
8
3D-EMBOQUILLADO
10
-562.7836
20
33.3754
30
258.1000
11
-563.7773
21
33.2636
31
258.1000
12
-563.7773
22
33.2636
32
258.3000
13
-562.7836
23
33.3754
33
258.3000
0
3DFACE
8
3D-EMBOQUILLADO
10
-563.7773
20
33.2636
30
258.1000
11
-561.9599
21
35.5417
31
258.1000
12
-561.9599
22
35.5417
32
258.3000
13
-563.7773
23
33.2636
33
258.3000
0
3DFACE
8
3D-EMBOQUILLADO
10
-561.9599
20
35.5417
30
258.1000
11
-561.8481
21
34.5479
31
258.1000
12
-561.8481
22
34.5479
32
258.3000
13
-561.9599
23
35.5417
33
258.3000
0
3DFACE
8
3D-EMBOQUILLADO
10
-561.8481
20
34.5479
30
258.1000
11
-562.7836
21
33.3754
31
258.1000
12
-562.7836
22
33.3754
32
258.3000
13
-561.8481
23
34.5479
33
258.3000
0
3DFACE
8
3D-CAJA-SALIDA
10
-563.7145
20
33.0216
30
258.3000
11
-563.9881
21
33.2399
31
258.3000
12
-561.9836
22
35.7525
32
258.3000
13
-561.7100
23
35.5342
33
258.3000
0
3DFACE
8
3D-CAJA-SALIDA
10
-563.7145
20
33.0216
30
257.6500
11
-563.9881
21
33.2399
31
257.6500
12
-563.9881
22
33.2399
32
258.3000
13
-563.7145
23
33.0216
33
258.3000
0
3DFACE
8
3D-CAJA-SALIDA
10
-563.9881
20
33.2399
30
257.6500
11
-561.9836
21
35.7525
31
257.6500
12
-561.9836
22
35.7525
32
258.3000
13
-563.9881
23
33.2399
33
258.3000
0
3DFACE
8
3D-CAJA-SALIDA
10
-561.9836
20
35.7525
30
257.6500
11
-561.7100
21
35.5342
31
257.6500
12
-561.7100
22
35.5342
32
258.3000
13
-561.9836
23
35.7525
33
258.3000
0
3DFACE
8
3D-CAJA-SALIDA
10
-561.7100
20
35.5342
30
257.6500
11
-563.7145
21
33.0216
31
257.6500
12
-563.7145
22
33.0216
32
258.3000
13
-561.7100
23
35.5342
33
258.3000
0
3DFACE
8
3D-TERRENO
10
-426.8354
20
8.6017
30
259.6072
11
-428.8351
21
8.5725
31
259.5956
12
-428.9104
22
13.7220
32
259.7341
13
-426.9106
23
13.7512
33
259.7554
0
3DFACE
8
3D-TERRENO
10
-426.9354
20
15.4510
30
259.5975
11
-428.9352
21
15.4218
31
259.5415
12
-429.0104
22
20.5712
32
259.6742
13
-427.0106
23
20.6004
33
259.6939
0
3DFACE
8
3D-TERRENO
10
-428.8351
20
8.5725
30
259.5956
11
-430.8349
21
8.5433
31
259.5646
12
-430.9102
22
13.6927
32
259.6238
13
-428.9104
23
13.7220
33
259.7341
0
3DFACE
8
3D-TERRENO
10
-428.9352
20
15.4218
30
259.5415
11
-430.9350
21
15.3926
31
259.5640
12
-431.0102
22
20.5420
32
259.6189
13
-429.0104
23
20.5712
33
259.6742
0
3DFACE
8
3D-TERRENO
10
-430.8349
20
8.5433
30
259.5646
11
-432.8347
21
8.5141
31
259.5423
12
-432.9099
22
13.6635
32
259.6693
13
-430.9102
23
13.6927
33
259.6238
0
3DFACE
8
3D-TERRENO
10
-430.9350
20
15.3926
30
259.5640
11
-432.9348
21
15.3633
31
259.5692
12
-433.0100
22
20.5128
32
259.5448
13
-431.0102
23
20.5420
33
259.6189
0
3DFACE
8
3D-TERRENO
10
-432.8347
20
8.5141
30
259.5423
11
-434.8345
21
8.4849
31
259.5327
12
-434.9097
22
13.6343
32
259.6657
13
-432.9099
23
13.6635
33
259.6693
0
3DFACE
8
3D-TERRENO
10
-432.9348
20
15.3633
30
259.5692
11
-434.9346
21
15.3341
31
259.5976
12
-435.0098
22
20.4836
32
259.5283
13
-433.0100
23
20.5128
33
259.5448
0
3DFACE
8
3D-TERRENO
10
-434.8345
20
8.4849
30
259.5327
11
-436.8343
21
8.4556
31
259.5300
12
-436.9095
22
13.6051
32
259.7471
13
-434.9097
23
13.6343
33
259.6657
0
3DFACE
8
3D-TERRENO
10
-434.9346
20
15.3341
30
259.5976
11
-436.9343
21
15.3049
31
259.6479
12
-437.0096
22
20.4544
32
259.5211
13
-435.0098
23
20.4836
33
259.5283
0
3DFACE
8
3D-TERRENO
10
-436.8343
20
8.4556
30
259.5300
11
-438.8341
21
8.4264
31
259.5577
12
-438.9093
22
13.5759
32
259.7307
13
-436.9095
23
13.6051
33
259.7471
0
3DFACE
8
3D-TERRENO
10
-436.9343
20
15.3049
30
259.6479
11
-438.9341
21
15.2757
31
259.6620
12
-439.0094
22
20.4251
32
259.4707
13
-437.0096
23
20.4544
33
259.5211
0
3DFACE
8
3D-TERRENO
10
-438.8341
20
8.4264
30
259.5577
11
-440.8339
21
8.3972
31
259.5649
12
-440.9091
22
13.5467
32
259.7052
13
-438.9093
23
13.5759
33
259.7307
0
3DFACE
8
3D-TERRENO
10
-438.9341
20
15.2757
30
259.6620
11
-440.9339
21
15.2465
31
259.6721
12
-441.0092
22
20.3959
32
259.4930
13
-439.0094
23
20.4251
33
259.4707
0
3DFACE
8
3D-TERRENO
10
-440.8339
20
8.3972
30
259.5649
11
-442.8336
21
8.3680
31
259.5592
12
-442.9089
22
13.5174
32
259.7262
13
-440.9091
23
13.5467
33
259.7052
0
3DFACE
8
3D-TERRENO
10
-440.9339
20
15.2465
30
259.6721
11
-442.9337
21
15.2173
31
259.6754
12
-443.0089
22
20.3667
32
259.5101
13
-441.0092
23
20.3959
33
259.4930
0
3DFACE
8
3D-TERRENO
10
-442.8336
20
8.3680
30
259.5592
11
-444.8334
21
8.3388
31
259.5249
12
-444.9087
22
13.4882
32
259.7236
13
-442.9089
23
13.5174
33
259.7262
0
3DFACE
8
3D-TERRENO
10
-442.9337
20
15.2173
30
259.6754
11
-444.9335
21
15.1880
31
259.6355
12
-445.0087
22
20.3375
32
259.5168
13
-443.0089
23
20.3667
33
259.5101
0
3DFACE
8
3D-TERRENO
10
-444.8334
20
8.3388
30
259.5249
11
-445.8061
21
8.3227
31
259.5395
12
-445.9047
22
13.4717
32
259.7058
13
-444.9087
23
13.4882
33
259.7236
0
3DFACE
8
3D-TERRENO
10
-444.9335
20
15.1880
30
259.6355
11
-445.9372
21
15.1714
31
259.6061
12
-446.0358
22
20.3205
32
259.5178
13
-445.0087
23
20.3375
33
259.5168
0
3DFACE
8
3D-TERRENO
10
-445.8061
20
8.3227
30
259.5395
11
-447.8057
21
8.2844
31
259.5827
12
-447.9043
22
13.4334
32
259.6056
13
-445.9047
23
13.4717
33
259.7058
0
3DFACE
8
3D-TERRENO
10
-445.9372
20
15.1714
30
259.6061
11
-447.9368
21
15.1331
31
259.5691
12
-448.0354
22
20.2822
32
259.5687
13
-446.0358
23
20.3205
33
259.5178
0
3DFACE
8
3D-TERRENO
10
-447.8057
20
8.2844
30
259.5827
11
-449.8053
21
8.2461
31
259.4756
12
-449.9039
22
13.3951
32
259.5893
13
-447.9043
23
13.4334
33
259.6056
0
3DFACE
8
3D-TERRENO
10
-447.9368
20
15.1331
30
259.5691
11
-449.9365
21
15.0948
31
259.5669
12
-450.0351
22
20.2439
32
259.5888
13
-448.0354
23
20.2822
33
259.5687
0
3DFACE
8
3D-TERRENO
10
-449.8053
20
8.2461
30
259.4756
11
-451.8050
21
8.2078
31
259.4559
12
-451.9036
22
13.3568
32
259.5638
13
-449.9039
23
13.3951
33
259.5893
0
3DFACE
8
3D-TERRENO
10
-449.9365
20
15.0948
30
259.5669
11
-451.9361
21
15.0565
31
259.5780
12
-452.0347
22
20.2056
32
259.5859
13
-450.0351
23
20.2439
33
259.5888
0
3DFACE
8
3D-TERRENO
10
-451.8050
20
8.2078
30
259.4559
11
-453.8046
21
8.1695
31
259.4207
12
-453.9032
22
13.3186
32
259.5341
13
-451.9036
23
13.3568
33
259.5638
0
3DFACE
8
3D-TERRENO
10
-451.9361
20
15.0565
30
259.5780
11
-453.9357
21
15.0182
31
259.5847
12
-454.0343
22
20.1673
32
259.5822
13
-452.0347
23
20.2056
33
259.5859
0
3DFACE
8
3D-TERRENO
10
-453.8046
20
8.1695
30
259.4207
11
-455.8042
21
8.1312
31
259.3226
12
-455.9028
22
13.2803
32
259.5564
13
-453.9032
23
13.3186
33
259.5341
0
3DFACE
8
3D-TERRENO
10
-453.9357
20
15.0182
30
259.5847
11
-455.9354
21
14.9799
31
259.5994
12
-456.0340
22
20.1290
32
259.5679
13
-454.0343
23
20.1673
33
259.5822
0
3DFACE
8
3D-TERRENO
10
-455.8042
20
8.1312
30
259.3226
11
-457.8039
21
8.0929
31
259.2904
12
-457.9025
22
13.2420
32
259.5764
13
-455.9028
23
13.2803
33
259.5564
0
3DFACE
8
3D-TERRENO
10
-455.9354
20
14.9799
30
259.5994
11
-457.9350
21
14.9417
31
259.6345
12
-458.0336
22
20.0907
32
259.5450
13
-456.0340
23
20.1290
33
259.5679
0
3DFACE
8
3D-TERRENO
10
-457.8039
20
8.0929
30
259.2904
11
-459.8035
21
8.0546
31
259.2445
12
-459.9021
22
13.2037
32
259.5018
13
-457.9025
23
13.2420
33
259.5764
0
3DFACE
8
3D-TERRENO
10
-457.9350
20
14.9417
30
259.6345
11
-459.9346
21
14.9034
31
259.5995
12
-460.0332
22
20.0524
32
259.5290
13
-458.0336
23
20.0907
33
259.5450
0
3DFACE
8
3D-TERRENO
10
-459.8035
20
8.0546
30
259.2445
11
-461.8031
21
8.0163
31
259.2517
12
-461.9017
22
13.1654
32
259.4939
13
-459.9021
23
13.2037
33
259.5018
0
3DFACE
8
3D-TERRENO
10
-459.9346
20
14.9034
30
259.5995
11
-461.9343
21
14.8651
31
259.5306
12
-462.0329
22
20.0141
32
259.4356
13
-460.0332
23
20.0524
33
259.5290
0
3DFACE
8
3D-TERRENO
10
-461.8031
20
8.0163
30
259.2517
11
-463.8028
21
7.9780
31
259.2284
12
-463.9014
22
13.1271
32
259.4505
13
-461.9017
23
13.1654
33
259.4939
0
3DFACE
8
3D-TERRENO
10
-461.9343
20
14.8651
30
259.5306
11
-463.9339
21
14.8268
31
259.4966
12
-464.0325
22
19.9758
32
259.4063
13
-462.0329
23
20.0141
33
259.4356
0
3DFACE
8
3D-TERRENO
10
-463.8028
20
7.9780
30
259.2284
11
-465.8024
21
7.9397
31
259.1888
12
-465.9010
22
13.0888
32
259.4495
13
-463.9014
23
13.1271
33
259.4505
0
3DFACE
8
3D-TERRENO
10
-463.9339
20
14.8268
30
259.4966
11
-465.9335
21
14.7885
31
259.4542
12
-466.0321
22
19.9375
32
259.4301
13
-464.0325
23
19.9758
33
259.4063
0
3DFACE
8
3D-TERRENO
10
-465.8024
20
7.9397
30
259.1888
11
-467.8020
21
7.9015
31
259.1283
12
-467.9006
22
13.0505
32
259.4532
13
-465.9010
23
13.0888
33
259.4495
0
3DFACE
8
3D-TERRENO
10
-465.9335
20
14.7885
30
259.4542
11
-467.9332
21
14.7502
31
259.4407
12
-468.0318
22
19.8993
32
259.4055
13
-466.0321
23
19.9375
33
259.4301
0
3DFACE
8
3D-TERRENO
10
-467.8020
20
7.9015
30
259.1283
11
-469.8017
21
7.8632
31
259.1110
12
-469.9003
22
13.0122
32
259.5288
13
-467.9006
23
13.0505
33
259.4532
0
3DFACE
8
3D-TERRENO
10
-467.9332
20
14.7502
30
259.4407
11
-469.9328
21
14.7119
31
259.5151
12
-470.0314
22
19.8610
32
259.4076
13
-468.0318
23
19.8993
33
259.4055
0
3DFACE
8
3D-TERRENO
10
-469.8017
20
7.8632
30
259.1110
11
-471.8013
21
7.8249
31
259.1081
12
-471.8999
22
12.9739
32
259.4742
13
-469.9003
23
13.0122
33
259.5288
0
3DFACE
8
3D-TERRENO
10
-469.9328
20
14.7119
30
259.5151
11
-471.9324
21
14.6736
31
259.5386
12
-472.0310
22
19.8227
32
259.3744
13
-470.0314
23
19.8610
33
259.4076
0
3DFACE
8
3D-TERRENO
10
-471.8013
20
7.8249
30
259.1081
11
-473.8009
21
7.7866
31
259.0797
12
-473.8995
22
12.9356
32
259.3942
13
-471.8999
23
12.9739
33
259.4742
0
3DFACE
8
3D-TERRENO
10
-471.9324
20
14.6736
30
259.5386
11
-473.9321
21
14.6353
31
259.4672
12
-474.0307
22
19.7844
32
259.3286
13
-472.0310
23
19.8227
33
259.3744
0
3DFACE
8
3D-TERRENO
10
-473.8009
20
7.7866
30
259.0797
11
-475.8006
21
7.7483
31
259.0642
12
-475.8992
22
12.8974
32
259.3278
13
-473.8995
23
12.9356
33
259.3942
0
3DFACE
8
3D-TERRENO
10
-473.9321
20
14.6353
30
259.4672
11
-475.9317
21
14.5970
31
259.3734
12
-476.0303
22
19.7461
32
259.3103
13
-474.0307
23
19.7844
33
259.3286
0
3DFACE
8
3D-TERRENO
10
-475.8006
20
7.7483
30
259.0642
11
-477.5731
21
7.7144
31
259.0274
12
-477.6717
22
12.8634
32
259.3203
13
-475.8992
23
12.8974
33
259.3278
0
3DFACE
8
3D-TERRENO
10
-475.9317
20
14.5970
30
259.3734
11
-477.7042
21
14.5631
31
259.3677
12
-477.8028
22
19.7122
32
259.2954
13
-476.0303
23
19.7461
33
259.3103
0
3DFACE
8
3D-TERRENO
10
-477.5731
20
7.7144
30
259.0274
11
-479.1005
21
7.7542
31
259.0075
12
-478.9409
22
12.9017
32
259.3189
13
-477.6717
23
12.8634
33
259.3203
0
3DFACE
8
3D-TERRENO
10
-477.7042
20
14.5631
30
259.3677
11
-478.8882
21
14.6009
31
259.3528
12
-478.7286
22
19.7484
32
259.2680
13
-477.8028
23
19.7122
33
259.2954
0
3DFACE
8
3D-TERRENO
10
-479.1005
20
7.7542
30
259.0075
11
-481.0995
21
7.8162
31
259.0033
12
-480.9399
22
12.9637
32
259.2565
13
-478.9409
23
12.9017
33
259.3189
0
3DFACE
8
3D-TERRENO
10
-478.8882
20
14.6009
30
259.3528
11
-480.8872
21
14.6629
31
259.2822
12
-480.7276
22
19.8104
32
259.2502
13
-478.7286
23
19.7484
33
259.2680
0
3DFACE
8
3D-TERRENO
10
-481.0995
20
7.8162
30
259.0033
11
-483.0986
21
7.8781
31
258.9715
12
-482.9389
22
13.0257
32
259.2319
13
-480.9399
23
12.9637
33
259.2565
0
3DFACE
8
3D-TERRENO
10
-480.8872
20
14.6629
30
259.2822
11
-482.8863
21
14.7248
31
259.2632
12
-482.7266
22
19.8724
32
259.2131
13
-480.7276
23
19.8104
33
259.2502
0
3DFACE
8
3D-TERRENO
10
-483.0986
20
7.8781
30
258.9715
11
-485.0976
21
7.9401
31
258.9357
12
-484.9380
22
13.0877
32
259.2287
13
-482.9389
23
13.0257
33
259.2319
0
3DFACE
8
3D-TERRENO
10
-482.8863
20
14.7248
30
259.2632
11
-484.8853
21
14.7868
31
259.2669
12
-484.7257
22
19.9344
32
259.1974
13
-482.7266
23
19.8724
33
259.2131
0
3DFACE
8
3D-TERRENO
10
-485.0976
20
7.9401
30
258.9357
11
-487.0966
21
8.0021
31
258.9089
12
-486.9370
22
13.1496
32
259.2022
13
-484.9380
23
13.0877
33
259.2287
0
3DFACE
8
3D-TERRENO
10
-484.8853
20
14.7868
30
259.2669
11
-486.8843
21
14.8488
31
259.2457
12
-486.7247
22
19.9963
32
259.2311
13
-484.7257
23
19.9344
33
259.1974
0
3DFACE
8
3D-TERRENO
10
-487.0966
20
8.0021
30
258.9089
11
-489.0957
21
8.0641
31
258.9061
12
-488.9361
22
13.2116
32
259.2089
13
-486.9370
23
13.1496
33
259.2022
0
3DFACE
8
3D-TERRENO
10
-486.8843
20
14.8488
30
259.2457
11
-488.8834
21
14.9108
31
259.2410
12
-488.7238
22
20.0583
32
259.1811
13
-486.7247
23
19.9963
33
259.2311
0
3DFACE
8
3D-TERRENO
10
-489.0957
20
8.0641
30
258.9061
11
-491.0947
21
8.1261
31
258.8884
12
-490.9351
22
13.2736
32
259.2057
13
-488.9361
23
13.2116
33
259.2089
0
3DFACE
8
3D-TERRENO
10
-488.8834
20
14.9108
30
259.2410
11
-490.8824
21
14.9728
31
259.1709
12
-490.7228
22
20.1203
32
259.1780
13
-488.7238
23
20.0583
33
259.1811
0
3DFACE
8
3D-TERRENO
10
-491.0947
20
8.1261
30
258.8884
11
-493.0938
21
8.1881
31
258.8665
12
-492.9341
22
13.3356
32
259.1862
13
-490.9351
23
13.2736
33
259.2057
0
3DFACE
8
3D-TERRENO
10
-490.8824
20
14.9728
30
259.1709
11
-492.8815
21
15.0348
31
259.1557
12
-492.7218
22
20.1823
32
259.1612
13
-490.7228
23
20.1203
33
259.1780
0
3DFACE
8
3D-TERRENO
10
-493.0938
20
8.1881
30
258.8665
11
-495.0928
21
8.2501
31
258.8402
12
-494.9332
22
13.3976
32
259.1211
13
-492.9341
23
13.3356
33
259.1862
0
3DFACE
8
3D-TERRENO
10
-492.8815
20
15.0348
30
259.1557
11
-494.8805
21
15.0968
31
259.1588
12
-494.7209
22
20.2443
32
259.1279
13
-492.7218
23
20.1823
33
259.1612
0
3DFACE
8
3D-TERRENO
10
-495.0928
20
8.2501
30
258.8402
11
-497.0918
21
8.3120
31
258.8156
12
-496.9322
22
13.4596
32
259.0710
13
-494.9332
23
13.3976
33
259.1211
0
3DFACE
8
3D-TERRENO
10
-494.8805
20
15.0968
30
259.1588
11
-496.8795
21
15.1587
31
259.1276
12
-496.7199
22
20.3063
32
259.1256
13
-494.7209
23
20.2443
33
259.1279
0
3DFACE
8
3D-TERRENO
10
-497.0918
20
8.3120
30
258.8156
11
-499.0909
21
8.3740
31
258.8265
12
-498.9313
22
13.5216
32
259.0702
13
-496.9322
23
13.4596
33
259.0710
0
3DFACE
8
3D-TERRENO
10
-496.8795
20
15.1587
30
259.1276
11
-498.8786
21
15.2207
31
259.1360
12
-498.7190
22
20.3683
32
259.1744
13
-496.7199
23
20.3063
33
259.1256
0
3DFACE
8
3D-TERRENO
10
-499.0909
20
8.3740
30
258.8265
11
-501.0899
21
8.4360
31
258.8121
12
-500.9303
22
13.5835
32
259.1425
13
-498.9313
23
13.5216
33
259.0702
0
3DFACE
8
3D-TERRENO
10
-498.8786
20
15.2207
30
259.1360
11
-500.8776
21
15.2827
31
259.1652
12
-500.7180
22
20.4302
32
259.1399
13
-498.7190
23
20.3683
33
259.1744
0
3DFACE
8
3D-TERRENO
10
-501.0899
20
8.4360
30
258.8121
11
-503.0890
21
8.4980
31
258.8217
12
-502.9293
22
13.6455
32
259.1447
13
-500.9303
23
13.5835
33
259.1425
0
3DFACE
8
3D-TERRENO
10
-500.8776
20
15.2827
30
259.1652
11
-502.8767
21
15.3447
31
259.1955
12
-502.7170
22
20.4922
32
259.0577
13
-500.7180
23
20.4302
33
259.1399
0
3DFACE
8
3D-TERRENO
10
-503.0890
20
8.4980
30
258.8217
11
-505.0880
21
8.5600
31
258.8083
12
-504.9284
22
13.7075
32
259.0927
13
-502.9293
23
13.6455
33
259.1447
0
3DFACE
8
3D-TERRENO
10
-502.8767
20
15.3447
30
259.1955
11
-504.8757
21
15.4067
31
259.1748
12
-504.7161
22
20.5542
32
259.0475
13
-502.7170
23
20.4922
33
259.0577
0
3DFACE
8
3D-TERRENO
10
-505.0880
20
8.5600
30
258.8083
11
-507.2359
21
8.8548
31
258.7734
12
-506.0780
22
13.8730
32
259.1133
13
-504.9284
23
13.7075
33
259.0927
0
3DFACE
8
3D-TERRENO
10
-504.8757
20
15.4067
30
259.1748
11
-505.6958
21
15.5295
31
259.1609
12
-504.5379
22
20.5476
32
259.0494
13
-504.7161
23
20.5542
33
259.0475
0
3DFACE
8
3D-TERRENO
10
-507.2359
20
8.8548
30
258.7734
11
-509.1847
21
9.3045
31
258.7244
12
-508.0268
22
14.3226
32
259.0087
13
-506.0780
23
13.8730
33
259.1133
0
3DFACE
8
3D-TERRENO
10
-505.6958
20
15.5295
30
259.1609
11
-507.6446
21
15.9791
31
259.1044
12
-506.4867
22
20.9973
32
259.0488
13
-504.5379
23
20.5476
33
259.0494
0
3DFACE
8
3D-TERRENO
10
-509.1847
20
9.3045
30
258.7244
11
-511.1335
21
9.7541
31
258.6948
12
-509.9756
22
14.7723
32
258.9626
13
-508.0268
23
14.3226
33
259.0087
0
3DFACE
8
3D-TERRENO
10
-507.6446
20
15.9791
30
259.1044
11
-509.5934
21
16.4288
31
259.0448
12
-508.4355
22
21.4469
32
259.0337
13
-506.4867
23
20.9973
33
259.0488
0
3DFACE
8
3D-TERRENO
10
-511.1335
20
9.7541
30
258.6948
11
-513.0823
21
10.2038
31
258.6739
12
-511.9244
22
15.2220
32
258.9745
13
-509.9756
23
14.7723
33
258.9626
0
3DFACE
8
3D-TERRENO
10
-509.5934
20
16.4288
30
259.0448
11
-511.5422
21
16.8784
31
259.0180
12
-510.3843
22
21.8966
32
259.0737
13
-508.4355
23
21.4469
33
259.0337
0
3DFACE
8
3D-TERRENO
10
-513.0823
20
10.2038
30
258.6739
11
-515.0311
21
10.6535
31
258.6638
12
-513.8732
22
15.6716
32
259.0334
13
-511.9244
23
15.2220
33
258.9745
0
3DFACE
8
3D-TERRENO
10
-511.5422
20
16.8784
30
259.0180
11
-513.4910
21
17.3281
31
258.9865
12
-512.3331
22
22.3462
32
259.0454
13
-510.3843
23
21.8966
33
259.0737
0
3DFACE
8
3D-TERRENO
10
-515.0311
20
10.6535
30
258.6638
11
-516.9799
21
11.1031
31
258.6441
12
-515.8220
22
16.1213
32
258.9343
13
-513.8732
23
15.6716
33
259.0334
0
3DFACE
8
3D-TERRENO
10
-513.4910
20
17.3281
30
258.9865
11
-515.4398
21
17.7777
31
258.9257
12
-514.2819
22
22.7959
32
259.0086
13
-512.3331
23
22.3462
33
259.0454
0
3DFACE
8
3D-TERRENO
10
-516.9799
20
11.1031
30
258.6441
11
-518.9286
21
11.5528
31
258.6209
12
-517.7708
22
16.5709
32
258.8220
13
-515.8220
23
16.1213
33
258.9343
0
3DFACE
8
3D-TERRENO
10
-515.4398
20
17.7777
30
258.9257
11
-517.3886
21
18.2274
31
258.8582
12
-516.2307
22
23.2456
32
259.0086
13
-514.2819
23
22.7959
33
259.0086
0
3DFACE
8
3D-TERRENO
10
-518.9286
20
11.5528
30
258.6209
11
-520.8774
21
12.0024
31
258.6145
12
-519.7196
22
17.0206
32
258.8714
13
-517.7708
23
16.5709
33
258.8220
0
3DFACE
8
3D-TERRENO
10
-517.3886
20
18.2274
30
258.8582
11
-519.3374
21
18.6771
31
258.9192
12
-518.1795
22
23.6952
32
258.9933
13
-516.2307
23
23.2456
33
259.0086
0
3DFACE
8
3D-TERRENO
10
-520.8774
20
12.0024
30
258.6145
11
-522.8262
21
12.4521
31
258.6128
12
-521.6684
22
17.4702
32
258.8661
13
-519.7196
23
17.0206
33
258.8714
0
3DFACE
8
3D-TERRENO
10
-519.3374
20
18.6771
30
258.9192
11
-521.2862
21
19.1267
31
258.9507
12
-520.1283
22
24.1449
32
258.9855
13
-518.1795
23
23.6952
33
258.9933
0
3DFACE
8
3D-TERRENO
10
-522.8262
20
12.4521
30
258.6128
11
-524.7750
21
12.9017
31
258.6028
12
-523.6172
22
17.9199
32
258.9324
13
-521.6684
23
17.4702
33
258.8661
0
3DFACE
8
3D-TERRENO
10
-521.2862
20
19.1267
30
258.9507
11
-523.2350
21
19.5764
31
258.9189
12
-522.0771
22
24.5945
32
258.9245
13
-520.1283
23
24.1449
33
258.9855
0
3DFACE
8
3D-TERRENO
10
-524.7750
20
12.9017
30
258.6028
11
-526.7238
21
13.3514
31
258.5842
12
-525.5660
22
18.3696
32
258.9242
13
-523.6172
23
17.9199
33
258.9324
0
3DFACE
8
3D-TERRENO
10
-523.2350
20
19.5764
30
258.9189
11
-525.1838
21
20.0260
31
258.9575
12
-524.0259
22
25.0442
32
258.9368
13
-522.0771
23
24.5945
33
258.9245
0
3DFACE
8
3D-TERRENO
10
-526.7238
20
13.3514
30
258.5842
11
-528.6726
21
13.8011
31
258.5695
12
-527.5148
22
18.8192
32
258.8769
13
-525.5660
23
18.3696
33
258.9242
0
3DFACE
8
3D-TERRENO
10
-525.1838
20
20.0260
30
258.9575
11
-527.1326
21
20.4757
31
258.9338
12
-525.9747
22
25.4938
32
258.9692
13
-524.0259
23
25.0442
33
258.9368
0
3DFACE
8
3D-TERRENO
10
-528.6726
20
13.8011
30
258.5695
11
-530.6214
21
14.2507
31
258.5691
12
-529.4636
22
19.2689
32
258.8987
13
-527.5148
23
18.8192
33
258.8769
0
3DFACE
8
3D-TERRENO
10
-527.1326
20
20.4757
30
258.9338
11
-529.0813
21
20.9253
31
258.9296
12
-527.9235
22
25.9435
32
259.0103
13
-525.9747
23
25.4938
33
258.9692
0
3DFACE
8
3D-TERRENO
10
-530.6214
20
14.2507
30
258.5691
11
-532.5702
21
14.7004
31
258.5630
12
-531.4124
22
19.7185
32
258.9383
13
-529.4636
23
19.2689
33
258.8987
0
3DFACE
8
3D-TERRENO
10
-529.0813
20
20.9253
30
258.9296
11
-531.0301
21
21.3750
31
258.9598
12
-529.8723
22
26.3932
32
259.0513
13
-527.9235
23
25.9435
33
259.0103
0
3DFACE
8
3D-TERRENO
10
-532.5702
20
14.7004
30
258.5630
11
-534.4376
21
15.1313
31
258.5687
12
-533.2798
22
20.1494
32
258.8962
13
-531.4124
23
19.7185
33
258.9383
0
3DFACE
8
3D-TERRENO
10
-531.0301
20
21.3750
30
258.9598
11
-532.8975
21
21.8059
31
258.9691
12
-531.7397
22
26.8240
32
259.0622
13
-529.8723
23
26.3932
33
259.0513
0
3DFACE
8
3D-TERRENO
10
-534.4376
20
15.1313
30
258.5687
11
-535.9866
21
15.6133
31
258.5702
12
-534.3830
22
20.5073
32
258.8980
13
-533.2798
23
20.1494
33
258.8962
0
3DFACE
8
3D-TERRENO
10
-532.8975
20
21.8059
30
258.9691
11
-533.8536
21
22.1228
31
258.9711
12
-532.2500
22
27.0167
32
259.0611
13
-531.7397
23
26.8240
33
259.0622
0
3DFACE
8
3D-TERRENO
10
-535.9866
20
15.6133
30
258.5702
11
-537.8872
21
16.2361
31
258.5466
12
-536.2836
22
21.1301
32
258.8978
13
-534.3830
23
20.5073
33
258.8980
0
3DFACE
8
3D-TERRENO
10
-533.8536
20
22.1228
30
258.9711
11
-535.7542
21
22.7455
31
258.9712
12
-534.1506
22
27.6395
32
259.0831
13
-532.2500
23
27.0167
33
259.0611
0
3DFACE
8
3D-TERRENO
10
-537.8872
20
16.2361
30
258.5466
11
-539.7877
21
16.8588
31
258.5379
12
-538.1841
22
21.7528
32
258.8951
13
-536.2836
23
21.1301
33
258.8978
0
3DFACE
8
3D-TERRENO
10
-535.7542
20
22.7455
30
258.9712
11
-537.6548
21
23.3683
31
258.9620
12
-536.0512
22
28.2623
32
259.1140
13
-534.1506
23
27.6395
33
259.0831
0
3DFACE
8
3D-TERRENO
10
-539.7877
20
16.8588
30
258.5379
11
-541.6883
21
17.4816
31
258.5257
12
-540.0847
22
22.3756
32
258.9801
13
-538.1841
23
21.7528
33
258.8951
0
3DFACE
8
3D-TERRENO
10
-537.6548
20
23.3683
30
258.9620
11
-539.5554
21
23.9911
31
259.0014
12
-537.9517
22
28.8850
32
258.8881
13
-536.0512
23
28.2623
33
259.1140
0
3DFACE
8
3D-TERRENO
10
-541.6883
20
17.4816
30
258.5257
11
-543.4239
21
18.0503
31
258.4923
12
-541.8203
22
22.9443
32
258.8736
13
-540.0847
23
22.3756
33
258.9801
0
3DFACE
8
3D-TERRENO
10
-539.5554
20
23.9911
30
259.0014
11
-541.2909
21
24.5598
31
258.8884
12
-539.6873
22
29.4537
32
258.6594
13
-537.9517
23
28.8850
33
258.8881
0
3DFACE
8
3D-TERRENO
10
-543.4239
20
18.0503
30
258.4923
11
-544.9611
21
18.6746
31
258.4850
12
-542.9668
22
23.4228
32
258.7405
13
-541.8203
23
22.9443
33
258.8736
0
3DFACE
8
3D-TERRENO
10
-541.2909
20
24.5598
30
258.8884
11
-542.3085
21
24.9902
31
258.6668
12
-540.3142
22
29.7384
32
258.5982
13
-539.6873
23
29.4537
33
258.6594
0
3DFACE
8
3D-TERRENO
10
-544.9611
20
18.6746
30
258.4850
11
-546.8050
21
19.4491
31
258.5028
12
-544.8108
22
24.1973
32
258.6094
13
-542.9668
23
23.4228
33
258.7405
0
3DFACE
8
3D-TERRENO
10
-542.3085
20
24.9902
30
258.6668
11
-544.1525
21
25.7646
31
258.5260
12
-542.1582
22
30.5128
32
258.4050
13
-540.3142
23
29.7384
33
258.5982
0
3DFACE
8
3D-TERRENO
10
-546.8050
20
19.4491
30
258.5028
11
-548.6490
21
20.2235
31
258.5539
12
-546.6547
22
24.9718
32
258.5308
13
-544.8108
23
24.1973
33
258.6094
0
3DFACE
8
3D-TERRENO
10
-544.1525
20
25.7646
30
258.5260
11
-545.9964
21
26.5391
31
258.5201
12
-544.0022
22
31.2873
32
258.4405
13
-542.1582
23
30.5128
33
258.4050
0
3DFACE
8
3D-TERRENO
10
-548.6490
20
20.2235
30
258.5539
11
-550.4930
21
20.9980
31
258.5925
12
-548.4987
22
25.7462
32
258.5546
13
-546.6547
23
24.9718
33
258.5308
0
3DFACE
8
3D-TERRENO
10
-545.9964
20
26.5391
30
258.5201
11
-547.8404
21
27.3136
31
258.5587
12
-545.8461
22
32.0618
32
258.6457
13
-544.0022
23
31.2873
33
258.4405
0
3DFACE
8
3D-TERRENO
10
-550.4930
20
20.9980
30
258.5925
11
-552.3369
21
21.7725
31
258.5927
12
-550.3427
22
26.5207
32
258.6604
13
-548.4987
23
25.7462
33
258.5546
0
3DFACE
8
3D-TERRENO
10
-547.8404
20
27.3136
30
258.5587
11
-549.6844
21
28.0881
31
258.6320
12
-547.6901
22
32.8363
32
258.5873
13
-545.8461
23
32.0618
33
258.6457
0
3DFACE
8
3D-TERRENO
10
-552.3369
20
21.7725
30
258.5927
11
-554.1809
21
22.5470
31
258.6011
12
-552.1866
22
27.2952
32
258.6805
13
-550.3427
23
26.5207
33
258.6604
0
3DFACE
8
3D-TERRENO
10
-549.6844
20
28.0881
30
258.6320
11
-551.5283
21
28.8625
31
258.6656
12
-549.5341
22
33.6107
32
258.5112
13
-547.6901
23
32.8363
33
258.5873
0
3DFACE
8
3D-TERRENO
10
-554.1809
20
22.5470
30
258.6011
11
-556.0248
21
23.3214
31
258.5865
12
-554.0306
22
28.0696
32
258.6535
13
-552.1866
23
27.2952
33
258.6805
0
3DFACE
8
3D-TERRENO
10
-551.5283
20
28.8625
30
258.6656
11
-553.3723
21
29.6370
31
258.6056
12
-551.3780
22
34.3852
32
258.4139
13
-549.5341
23
33.6107
33
258.5112
0
3DFACE
8
3D-TERRENO
10
-556.0248
20
23.3214
30
258.5865
11
-557.8688
21
24.0959
31
258.5079
12
-555.8745
22
28.8441
32
258.5878
13
-554.0306
23
28.0696
33
258.6535
0
3DFACE
8
3D-TERRENO
10
-553.3723
20
29.6370
30
258.6056
11
-555.2162
21
30.4115
31
258.5277
12
-553.2220
22
35.1597
32
258.3217
13
-551.3780
23
34.3852
33
258.4139
0
3DFACE
8
3D-TERRENO
10
-557.8688
20
24.0959
30
258.5079
11
-559.1266
21
24.7058
31
258.4603
12
-556.8218
22
29.3113
32
258.5581
13
-555.8745
23
28.8441
33
258.5878
0
3DFACE
8
3D-TERRENO
10
-555.2162
20
30.4115
30
258.5277
11
-556.0611
21
30.8316
31
258.5142
12
-553.7563
22
35.4371
32
258.3144
13
-553.2220
23
35.1597
33
258.3217
0
3DFACE
8
3D-TERRENO
10
-559.1266
20
24.7058
30
258.4603
11
-560.9151
21
25.6008
31
258.5002
12
-558.6104
22
30.2063
32
258.5545
13
-556.8218
23
29.3113
33
258.5581
0
3DFACE
8
3D-TERRENO
10
-556.0611
20
30.8316
30
258.5142
11
-557.8496
21
31.7266
31
258.5261
12
-555.5449
22
36.3321
32
258.2610
13
-553.7563
23
35.4371
33
258.3144
0
3DFACE
8
3D-TERRENO
10
-560.9151
20
25.6008
30
258.5002
11
-562.8654
21
26.7247
31
258.5788
12
-559.6537
22
30.7505
32
258.5518
13
-558.6104
23
30.2063
33
258.5545
0
3DFACE
8
3D-TERRENO
10
-557.8496
20
31.7266
30
258.5261
11
-558.5935
21
32.0795
31
258.5420
12
-555.3818
22
36.1053
32
258.2687
13
-555.5449
23
36.3321
33
258.2610
0
3DFACE
8
3D-TERRENO
10
-562.8654
20
26.7247
30
258.5788
11
-564.4288
21
27.9719
31
258.5212
12
-561.2172
22
31.9978
32
258.5310
13
-559.6537
23
30.7505
33
258.5518
0
3DFACE
8
3D-TERRENO
10
-558.5935
20
32.0795
30
258.5420
11
-560.1570
21
33.3267
31
258.4546
12
-556.9453
22
37.3526
32
258.2590
13
-555.3818
23
36.1053
33
258.2687
0
3DFACE
8
3D-TERRENO
10
-564.4288
20
27.9719
30
258.5212
11
-565.9923
21
29.2192
31
258.4482
12
-562.7806
22
33.2451
32
258.4432
13
-561.2172
23
31.9978
33
258.5310
0
3DFACE
8
3D-TERRENO
10
-560.1570
20
33.3267
30
258.4546
11
-561.7204
21
34.5740
31
258.3683
12
-558.5087
22
38.5998
32
258.3885
13
-556.9453
23
37.3526
33
258.2590
0
LINE
8
3D-LINDERO
10
-417.6930
20
13.9580
30
259.2700
11
-419.8040
21
13.8550
31
259.2700
0
LINE
8
3D-LINDERO
10
-419.8040
20
13.8550
30
259.2700
11
-445.4720
21
13.4800
31
259.2700
0
LINE
8
3D-LINDERO
10
-445.4720
20
13.4800
30
259.2700
11
-477.6930
21
12.8630
31
259.2700
0
LINE
8
3D-LINDERO
10
-477.6930
20
12.8630
30
259.2700
11
-505.4280
21
13.7230
31
259.2700
0
LINE
8
3D-LINDERO
10
-505.4280
20
13.7230
30
259.2700
11
-533.3170
21
20.1580
31
259.2700
0
LINE
8
3D-LINDERO
10
-533.3170
20
20.1580
30
259.2700
11
-541.8530
21
22.9550
31
259.2700
0
LINE
8
3D-LINDERO
10
-541.8530
20
22.9550
30
259.2700
11
-555.9600
21
28.8800
31
259.2700
0
LINE
8
3D-LINDERO
10
-555.9600
20
28.8800
30
259.2700
11
-567.5480
21
34.6790
31
259.2700
0
ENDSEC
0
EOF
